name,file,line_start,scc_id,scc_kind,translated
refill_buffer,htslib/hfile.c,179,,,FALSE
hread2,htslib/hfile.c,330,,,FALSE
hread,htslib/htslib/hfile.h,247,,,FALSE
ed_is_big,htslib/htslib/hts.h,1567,,,FALSE
ed_swap_8,htslib/htslib/hts.h,1591,,,FALSE
ed_swap_8p,htslib/htslib/hts.h,1597,,,FALSE
htell,htslib/htslib/hfile.h,155,,,FALSE
writebuffer_is_nonempty,htslib/hfile.c,171,,,FALSE
flush_buffer,htslib/hfile.c,376,,,FALSE
hseek,htslib/hfile.c,446,,,FALSE
razf_info,htslib/bgzf.c,315,,,FALSE
hpeek,htslib/hfile.c,313,,,FALSE
bgzf_read_init,htslib/bgzf.c,383,,,FALSE
bgzf_zerr,htslib/bgzf.c,346,,,FALSE
mode2level,htslib/bgzf.c,426,,,FALSE
bgzf_write_init,htslib/bgzf.c,435,,,FALSE
hfile_destroy,htslib/hfile.c,162,,,FALSE
hclose_abruptly,htslib/hfile.c,520,,,FALSE
hfile_init,htslib/hfile.c,104,,,FALSE
blksize,htslib/hfile.c,648,,,FALSE
hfile_oflags,htslib/hfile.c,772,,,FALSE
hopen_fd,htslib/hfile.c,664,,,FALSE
hdopen,htslib/hfile.c,735,,,FALSE
hopen_fd_stdinout,htslib/hfile.c,761,,,FALSE
isalnum_c,htslib/textutils_internal.h,169,,,FALSE
tolower_c,htslib/textutils_internal.h,179,,,FALSE
ks_resize,htslib/htslib/kstring.h,164,,,FALSE
kputsn,htslib/htslib/kstring.h,242,,,FALSE
kputc,htslib/htslib/kstring.h,259,,,FALSE
open_nextdir,htslib/plugin.c,42,,,FALSE
kputs,htslib/htslib/kstring.h,253,,,FALSE
hts_path_itr_setup,htslib/plugin.c,69,,,FALSE
hts_path_itr_next,htslib/plugin.c,104,,,FALSE
load_plugin,htslib/plugin.c,135,,,FALSE
close_plugin,htslib/plugin.c,186,,,FALSE
priority,htslib/hfile.c,1011,,,FALSE
try_exe_add_scheme_handler,htslib/hfile.c,1026,,,FALSE
try_exe_add_scheme_handler,htslib/hfile.c,1046,,,FALSE
hfile_add_scheme_handler,htslib/hfile.c,1053,,,FALSE
init_add_plugin,htslib/hfile.c,1079,,,FALSE
load_hfile_plugins,htslib/hfile.c,1111,,,FALSE
find_scheme_handler,htslib/hfile.c,1176,,,FALSE
hopen,htslib/hfile.c,1317,,,FALSE
bgzf_open,htslib/bgzf.c,495,,,FALSE
next_power_2,htslib/cram/pooled_alloc.c,47,,,FALSE
pool_create,htslib/cram/pooled_alloc.c,64,,,FALSE
hts_tpool_process_ref_incr,htslib/thread_pool.c,268,,,FALSE
hts_tpool_process_attach,htslib/thread_pool.c,456,,,FALSE
hts_tpool_process_init,htslib/thread_pool.c,372,,,FALSE
hts_tpool_size,htslib/thread_pool.c,819,,,FALSE
bgzf_thread_pool,htslib/bgzf.c,1740,,,FALSE
hts_tpool_init,htslib/thread_pool.c,725,,,FALSE
DBG_OUT,htslib/thread_pool.c,69,,,FALSE
hts_tpool_destroy,htslib/thread_pool.c,1089,,,FALSE
bgzf_mt,htslib/bgzf.c,1783,,,FALSE
bgzf_mt,htslib/bgzf.c,1937,,,FALSE
packInt16,htslib/bgzf.c,296,,,FALSE
packInt32,htslib/bgzf.c,307,,,FALSE
u16_to_le,htslib/htslib/hts_endian.h,177,,,FALSE
bgzf_compress,htslib/bgzf.c,561,,,FALSE
bgzf_compress,htslib/bgzf.c,624,,,FALSE
bgzf_gzip_compress,htslib/bgzf.c,686,,,FALSE
deflate_block,htslib/bgzf.c,709,,,FALSE
bgzf_clear_private_data,htslib/bgzf_internal.h,58,,,FALSE
free_cache,htslib/bgzf.c,905,,,FALSE
new_pool,htslib/cram/pooled_alloc.c,96,,,FALSE
pool_alloc,htslib/cram/pooled_alloc.c,115,,,FALSE
pool_alloc,htslib/cram/pooled_alloc.c,151,,,FALSE
pool_free,htslib/cram/pooled_alloc.c,144,,,FALSE
pool_free,htslib/cram/pooled_alloc.c,155,,,FALSE
job_cleanup,htslib/bgzf.c,1322,,,FALSE
wake_next_worker,htslib/thread_pool.c,654,,,FALSE
hts_tpool_dispatch3,htslib/thread_pool.c,846,,,FALSE
mt_queue,htslib/bgzf.c,1852,,,FALSE
hts_usleep,htslib/hts_internal.h,159,,,FALSE
hts_tpool_process_is_shutdown,htslib/thread_pool.c,333,,,FALSE
hts_tpool_process_flush,htslib/thread_pool.c,941,,,FALSE
mt_flush_queue,htslib/bgzf.c,1897,,,FALSE
bgzf_index_add_block,htslib/bgzf.c,2354,,,FALSE
hfile_set_blksize,htslib/hfile.c,212,,,FALSE
hwrite2,htslib/hfile.c,412,,,FALSE
hwrite,htslib/htslib/hfile.h,292,,,FALSE
hflush,htslib/hfile.c,390,,,FALSE
bgzf_flush,htslib/bgzf.c,1949,,,FALSE
pool_destroy,htslib/cram/pooled_alloc.c,84,,,FALSE
hts_tpool_process_shutdown_locked,htslib/thread_pool.c,319,,,FALSE
hts_tpool_process_detach_locked,htslib/thread_pool.c,472,,,FALSE
hts_tpool_delete_result,htslib/thread_pool.c,344,,,FALSE
hts_tpool_process_reset,htslib/thread_pool.c,1013,,,FALSE
hts_tpool_process_destroy,htslib/thread_pool.c,410,,,FALSE
hts_tpool_wake_dispatch,htslib/thread_pool.c,923,,,FALSE
mt_destroy,htslib/bgzf.c,1805,,,FALSE
bgzf_close_mt,htslib/bgzf.c,2071,,,FALSE
bgzf_index_destroy,htslib/bgzf.c,2336,,,FALSE
hclose,htslib/hfile.c,503,,,FALSE
bgzf_close,htslib/bgzf.c,2080,,,FALSE
main,htslib/test/thrash_threads1.c,34,,,FALSE
main,htslib/test/test_hfile_libcurl.c,30,,,FALSE
start_server,htslib/test/test_hfile_libcurl.c,65,,,FALSE
stop_server,htslib/test/test_hfile_libcurl.c,139,,,FALSE
generate_test_data,htslib/test/test_hfile_libcurl.c,154,,,FALSE
read_expected_data,htslib/test/test_hfile_libcurl.c,173,,,FALSE
hfile_read_all,htslib/test/test_hfile_libcurl.c,196,,,FALSE
test_normal_transfer,htslib/test/test_hfile_libcurl.c,233,,,FALSE
test_503_retry,htslib/test/test_hfile_libcurl.c,265,,,FALSE
test_429_retry,htslib/test/test_hfile_libcurl.c,302,,,FALSE
test_drop_mid_transfer,htslib/test/test_hfile_libcurl.c,339,,,FALSE
test_404_no_retry,htslib/test/test_hfile_libcurl.c,376,,,FALSE
test_retry_exhaustion,htslib/test/test_hfile_libcurl.c,407,,,FALSE
test_retry_disabled,htslib/test/test_hfile_libcurl.c,436,,,FALSE
main,htslib/test/test_hfile_libcurl.c,464,,,FALSE
cram_update_curr_slice,htslib/cram/cram_encode.c,3258,,,FALSE
string_pool_destroy,htslib/cram/string_alloc.c,103,,,FALSE
mfdestroy,htslib/cram/mFILE.c,408,,,FALSE
mfflush,htslib/cram/mFILE.c,607,,,FALSE
mfclose,htslib/cram/mFILE.c,361,,,FALSE
ref_entry_free_seq,htslib/cram/cram_io.c,2417,,,FALSE
refs_free,htslib/cram/cram_io.c,2427,,,FALSE
free_bam_list,htslib/cram/cram_io.c,3695,,,FALSE
cram_free_block,htslib/cram/cram_io.c,1565,,,FALSE
cram_free_compression_header,htslib/cram/cram_io.c,4356,,,FALSE
cram_free_slice_header,htslib/cram/cram_io.c,4407,,,FALSE
cram_free_slice,htslib/cram/cram_io.c,4419,,,FALSE
cram_stats_free,htslib/cram/cram_stats.c,223,,,FALSE
cram_free_container,htslib/cram/cram_io.c,3703,,,FALSE
le_to_u32,htslib/htslib/hts_endian.h,142,,,FALSE
le_int4,htslib/cram/os.h,155,,,FALSE
int32_encode,htslib/cram/cram_io.c,1020,,,FALSE
hputc2,htslib/hfile.c,400,,,FALSE
hputc,htslib/htslib/hfile.h,263,,,FALSE
cram_write_block,htslib/cram/cram_io.c,1511,,,FALSE
itf8_put,htslib/cram/cram_io.c,277,,,FALSE
cram_write_container,htslib/cram/cram_io.c,4021,,,FALSE
new_string_pool,htslib/cram/string_alloc.c,75,,,FALSE
string_alloc,htslib/cram/string_alloc.c,117,,,FALSE
string_ndup,htslib/cram/string_alloc.c,153,,,FALSE
kstrtok,htslib/kstring.c,187,,,FALSE
sam_hrecs_add_ref_altnames,htslib/header.c,88,,,FALSE
sam_hrecs_find_key,htslib/header.c,3009,,,FALSE
sam_hrecs_vupdate,htslib/header.c,2939,,,FALSE
sam_hrecs_update,htslib/header.c,2990,,,FALSE
TYPEKEY,htslib/header.h,58,,,FALSE
sam_hrecs_update_hashes,htslib/header.c,141,,,FALSE
sam_hrecs_global_list_add,htslib/header.c,500,,,FALSE
sam_hrecs_free_tags,htslib/header.c,694,1,self,FALSE
known_stderr,htslib/header.c,780,,,FALSE
fast_exp,htslib/kstring.c,351,,,FALSE
karp_rabin,htslib/kstring.c,365,,,FALSE
ksBM_prep,htslib/kstring.c,405,,,FALSE
boyer_moore,htslib/kstring.c,449,,,FALSE
kmemmem,htslib/kstring.c,496,,,FALSE
warn_if_known_stderr,htslib/header.c,788,,,FALSE
parse_comment_line,htslib/header.c,800,,,FALSE
parse_noncomment_line,htslib/header.c,826,,,FALSE
isalpha_c,htslib/textutils_internal.h,170,,,FALSE
sam_hrecs_parse_single_line,htslib/header.c,906,,,FALSE
sam_hrecs_parse_lines,htslib/header.c,995,,,FALSE
sam_hdr_update_target_arrays,htslib/header.c,1073,,,FALSE
rebuild_target_arrays,htslib/header.c,1153,,,FALSE
string_dup,htslib/cram/string_alloc.c,149,,,FALSE
sam_hrecs_refs_from_targets_array,htslib/header.c,1181,,,FALSE
sam_hrecs_find_type_id,htslib/header.c,2865,,,FALSE
sam_hrecs_vadd,htslib/header.c,552,,,FALSE
sam_hrecs_add,htslib/header.c,681,,,FALSE
add_stub_ref_sq_lines,htslib/header.c,1266,,,FALSE
sam_hrecs_init_type_order,htslib/header.c,69,,,FALSE
string_pool_create,htslib/cram/string_alloc.c,55,,,FALSE
sam_hrecs_new,htslib/header.c,2732,,,FALSE
sam_hrecs_free,htslib/header.c,2812,,,FALSE
sam_hdr_fill_hrecs,htslib/header.c,1289,,,FALSE
sam_hdr_find_tag_id,htslib/header.c,2282,,,FALSE
sam_hdr_tid2name,htslib/header.c,2412,,,FALSE
zlib_mem_inflate,htslib/cram/cram_io.c,1068,,,FALSE
zlib_mem_inflate,htslib/cram/cram_io.c,1157,,,FALSE
lzma_mem_inflate,htslib/cram/cram_io.c,1313,,,FALSE
cram_uncompress_block,htslib/cram/cram_io.c,1576,,,FALSE
cram_ref_decr_locked,htslib/cram/cram_io.c,3189,,,FALSE
cram_ref_decr,htslib/cram/cram_io.c,3213,,,FALSE
fai_insert_index,htslib/faidx.c,93,,,FALSE
fai_destroy,htslib/faidx.c,448,,,FALSE
bgzf_htell,htslib/bgzf.c,993,,,FALSE
unpackInt16,htslib/bgzf.c,302,,,FALSE
bgzf_uncompress,htslib/bgzf.c,730,,,FALSE
bgzf_uncompress,htslib/bgzf.c,762,,,FALSE
inflate_block,htslib/bgzf.c,808,,,FALSE
inflate_gzip_block,htslib/bgzf.c,829,,,FALSE
check_header,htslib/bgzf.c,896,,,FALSE
load_block_from_cache,htslib/bgzf.c,918,,,FALSE
cache_block,htslib/bgzf.c,940,,,FALSE
hts_tpool_next_result_locked,htslib/thread_pool.c,149,,,FALSE
hts_tpool_next_result_wait,htslib/thread_pool.c,224,,,FALSE
hts_tpool_result_data,htslib/thread_pool.c,358,,,FALSE
bgzf_read_block,htslib/bgzf.c,1004,,,FALSE
bgzf_getc,htslib/bgzf.c,2277,,,FALSE
bgzf_utell,htslib/bgzf.c,2613,,,FALSE
fai_build_core,htslib/faidx.c,132,,,FALSE
hputs2,htslib/hfile.c,440,,,FALSE
hputs,htslib/htslib/hfile.h,275,,,FALSE
fai_save,htslib/faidx.c,352,,,FALSE
bgzf_index_build_init,htslib/bgzf.c,2345,,,FALSE
get_name_suffix,htslib/bgzf.c,2376,,,FALSE
hwrite_uint64,htslib/bgzf.c,2369,,,FALSE
bgzf_index_dump_hfile,htslib/bgzf.c,2385,,,FALSE
bgzf_index_dump,htslib/bgzf.c,2419,,,FALSE
kputd,htslib/kstring.c,38,,,FALSE
kvsprintf,htslib/kstring.c,142,,,FALSE
ksprintf,htslib/kstring.c,177,,,FALSE
fai_build3_core,htslib/faidx.c,460,,,FALSE
fai_build3,htslib/faidx.c,557,,,FALSE
fai_build,htslib/faidx.c,562,,,FALSE
hread_uint64,htslib/bgzf.c,2465,,,FALSE
bgzf_index_load_hfile,htslib/bgzf.c,2472,,,FALSE
bgzf_index_load,htslib/bgzf.c,2506,,,FALSE
hisremote,htslib/hfile.c,1345,,,FALSE
bgzf_open_ref,htslib/cram/cram_io.c,2503,,,FALSE
refs_create,htslib/cram/cram_io.c,2467,,,FALSE
isspace_c,htslib/textutils_internal.h,176,,,FALSE
hgetdelim,htslib/hfile.c,241,,,FALSE
hgetln,htslib/htslib/hfile.h,195,,,FALSE
hgets,htslib/hfile.c,291,,,FALSE
refs_load_fai,htslib/cram/cram_io.c,2541,,,FALSE
sanitise_SQ_lines,htslib/cram/cram_io.c,2693,,,FALSE
refs2id,htslib/cram/cram_io.c,2737,,,FALSE
expand_cache_path,htslib/cram/cram_io.c,2884,,,FALSE
is_directory,htslib/cram/cram_io.c,2873,,,FALSE
mkdir_prefix,htslib/cram/cram_io.c,2947,2,self,FALSE
mfdetach,htslib/cram/mFILE.c,389,,,FALSE
mfsteal,htslib/cram/mFILE.c,428,,,FALSE
tokenise_search_path,htslib/cram/open_trace_file.c,108,,,FALSE
mfcreate,htslib/cram/mFILE.c,207,,,FALSE
mrewind,htslib/cram/mFILE.c,475,,,FALSE
mfwrite,htslib/cram/mFILE.c,527,,,FALSE
expand_path,htslib/cram/open_trace_file.c,230,,,FALSE
find_file_url,htslib/cram/open_trace_file.c,182,,,FALSE
mfload,htslib/cram/mFILE.c,75,,,FALSE
mfmmap,htslib/cram/mFILE.c,127,,,FALSE
mfreopen,htslib/cram/mFILE.c,264,,,FALSE
mfopen,htslib/cram/mFILE.c,347,,,FALSE
is_file,htslib/cram/open_trace_file.c,90,,,FALSE
find_file_dir,htslib/cram/open_trace_file.c,314,,,FALSE
open_path_mfile,htslib/cram/open_trace_file.c,352,,,FALSE
find_path,htslib/cram/open_trace_file.c,433,,,FALSE
body,htslib/md5.c,119,,,FALSE
hts_md5_update,htslib/md5.c,237,,,FALSE
hts_md5_final,htslib/md5.c,271,,,FALSE
hts_md5_reset,htslib/md5.c,226,,,FALSE
hts_md5_reset,htslib/md5.c,355,,,FALSE
hts_md5_init,htslib/md5.c,323,,,FALSE
hts_md5_init,htslib/md5.c,344,,,FALSE
hts_md5_update,htslib/md5.c,360,,,FALSE
hts_md5_final,htslib/md5.c,365,,,FALSE
hts_md5_destroy,htslib/md5.c,372,,,FALSE
hts_md5_hex,htslib/md5.c,380,,,FALSE
ks_clear,htslib/htslib/kstring.h,215,,,FALSE
hts_open_tmpfile,htslib/hts.c,1979,,,FALSE
cram_populate_ref,htslib/cram/cram_io.c,2977,,,FALSE
cram_ref_incr_locked,htslib/cram/cram_io.c,3169,,,FALSE
toupper_c,htslib/textutils_internal.h,180,,,FALSE
bgzf_read,htslib/bgzf.c,1241,,,FALSE
bgzf_seek_common,htslib/bgzf.c,2175,,,FALSE
bgzf_useek,htslib/bgzf.c,2544,,,FALSE
load_ref_portion,htslib/cram/cram_io.c,3228,,,FALSE
cram_ref_load,htslib/cram/cram_io.c,3323,,,FALSE
cram_get_ref,htslib/cram/cram_io.c,3409,,,FALSE
cram_codec_to_id,htslib/cram/cram_codecs.c,3968,3,self,FALSE
cram_dependent_data_series,htslib/cram/cram_decode.c,553,,,FALSE
cram_ds_unique,htslib/cram/cram_decode.c,876,,,FALSE
cram_get_block_by_id,htslib/cram/cram_io.h,183,,,FALSE
cram_decode_estimate_sizes,htslib/cram/cram_decode.c,912,,,FALSE
add_md_char,htslib/cram/cram_decode.c,1080,,,FALSE
cram_decode_seq,htslib/cram/cram_decode.c,1096,,,FALSE
map_find,htslib/cram/cram_decode.c,1926,,,FALSE
cram_decode_aux_1_0,htslib/cram/cram_decode.c,1939,,,FALSE
sam_hdr_line_name,htslib/header.c,2235,,,FALSE
aux_ele_size,htslib/cram/cram_decode.c,1989,,,FALSE
cram_decode_aux,htslib/cram/cram_decode.c,2008,,,FALSE
cram_decode_slice_xref,htslib/cram/cram_decode.c,2140,,,FALSE
md5_print,htslib/cram/cram_decode.c,2305,,,FALSE
cram_decode_tlen,htslib/cram/cram_decode.c,2322,,,FALSE
ks_initialize,htslib/htslib/kstring.h,157,,,FALSE
ks_free,htslib/htslib/kstring.h,234,,,FALSE
cram_decode_slice,htslib/cram/cram_decode.c,2346,,,FALSE
lazy_flush,htslib/bgzf.c,1927,,,FALSE
lazy_flush,htslib/bgzf.c,1942,,,FALSE
bgzf_write,htslib/bgzf.c,2002,,,FALSE
cram_index_build_multiref,htslib/cram/cram_index.c,632,,,FALSE
cram_index_slice,htslib/cram/cram_index.c,695,,,FALSE
cram_flush_container2,htslib/cram/cram_io.c,4087,,,FALSE
hts_tpool_next_result,htslib/thread_pool.c,200,,,FALSE
cram_flush_result,htslib/cram/cram_io.c,4166,,,FALSE
sub_idx,htslib/cram/cram_encode.c,70,,,FALSE
itf8_put_blk,htslib/cram/cram_io.c,620,,,FALSE
cram_new_block,htslib/cram/cram_io.c,1388,,,FALSE
cram_encode_compression_header,htslib/cram/cram_encode.c,83,,,FALSE
cram_encode_slice_header,htslib/cram/cram_encode.c,511,,,FALSE
cram_encode_slice_read,htslib/cram/cram_encode.c,572,,,FALSE
libdeflate_deflate,htslib/cram/cram_io.c,1113,,,FALSE
zlib_mem_deflate,htslib/cram/cram_io.c,1222,,,FALSE
lzma_mem_deflate,htslib/cram/cram_io.c,1295,,,FALSE
cram_compress_by_method,htslib/cram/cram_io.c,1756,,,FALSE
cram_block_method2str,htslib/cram/cram_io.c,2341,,,FALSE
cram_compress_block3,htslib/cram/cram_io.c,1912,4,self,FALSE
cram_compress_block2,htslib/cram/cram_io.c,2316,,,FALSE
cram_compress_slice,htslib/cram/cram_encode.c,803,,,FALSE
cram_allocate_block,htslib/cram/cram_encode.c,1005,5,self,FALSE
cram_encode_slice,htslib/cram/cram_encode.c,1096,,,FALSE
bam_data_end,htslib/cram/cram_encode.c,1246,,,FALSE
le_to_u16,htslib/htslib/hts_endian.h,129,,,FALSE
le_to_i16,htslib/htslib/hts_endian.h,240,,,FALSE
le_to_i32,htslib/htslib/hts_endian.h,251,,,FALSE
bam_aux2i_end,htslib/cram/cram_encode.c,1253,,,FALSE
aux_type2size,htslib/sam.c,737,,,FALSE
skip_aux,htslib/sam.c,4793,,,FALSE
bam_aux_first,htslib/sam.c,4819,,,FALSE
bam_aux_next,htslib/sam.c,4827,,,FALSE
bam_aux_get,htslib/sam.c,4842,,,FALSE
expected_template_count,htslib/cram/cram_encode.c,1301,,,FALSE
lossy_read_names,htslib/cram/cram_encode.c,1340,,,FALSE
cram_stats_add,htslib/cram/cram_stats.c,52,,,FALSE
add_read_names,htslib/cram/cram_encode.c,1433,,,FALSE
extend_ref,htslib/cram/cram_encode.c,1504,,,FALSE
next_cigar_op,htslib/cram/cram_encode.c,1476,,,FALSE
hts_str2uint,htslib/textutils_internal.h,297,,,FALSE
bam_cigar2rlen,htslib/sam.c,663,,,FALSE
cram_add_to_ref_MD,htslib/cram/cram_encode.c,1553,,,FALSE
cram_add_to_ref,htslib/cram/cram_encode.c,1659,,,FALSE
cram_generate_reference,htslib/cram/cram_encode.c,1733,,,FALSE
validate_md5,htslib/cram/cram_encode.c,1794,,,FALSE
sam_hrecs_find_rg,htslib/header.c,3068,,,FALSE
cram_add_feature,htslib/cram/cram_encode.c,2574,,,FALSE
cram_add_substitution,htslib/cram/cram_encode.c,2601,,,FALSE
cram_add_bases,htslib/cram/cram_encode.c,2628,,,FALSE
cram_add_base,htslib/cram/cram_encode.c,2641,,,FALSE
cram_add_quality,htslib/cram/cram_encode.c,2658,,,FALSE
cram_add_deletion,htslib/cram/cram_encode.c,2673,,,FALSE
cram_add_softclip,htslib/cram/cram_encode.c,2683,,,FALSE
cram_add_hardclip,htslib/cram/cram_encode.c,2719,,,FALSE
cram_add_skip,htslib/cram/cram_encode.c,2729,,,FALSE
cram_add_pad,htslib/cram/cram_encode.c,2739,,,FALSE
cram_add_insertion,htslib/cram/cram_encode.c,2749,,,FALSE
cram_new_metrics,htslib/cram/cram_io.c,2327,,,FALSE
cram_encoding2str,htslib/cram/cram_codecs.c,3811,,,FALSE
cram_encoder_init,htslib/cram/cram_codecs.c,3928,,,FALSE
cram_stats_dump,htslib/cram/cram_stats.c,105,,,FALSE
cram_stats_encoding,htslib/cram/cram_stats.c,134,,,FALSE
cram_encode_aux,htslib/cram/cram_encode.c,2784,,,FALSE
cram_stats_del,htslib/cram/cram_stats.c,80,,,FALSE
nibble2base_default,htslib/sam_internal.h,72,,,FALSE
nibble2base,htslib/sam_internal.h,111,,,FALSE
kputc_,htslib/htslib/kstring.h,268,,,FALSE
kputuw,htslib/htslib/kstring.h,286,,,FALSE
process_one_read,htslib/cram/cram_encode.c,3385,,,FALSE
cram_ref_incr,htslib/cram/cram_io.c,3183,,,FALSE
cram_encode_container,htslib/cram/cram_encode.c,1846,,,FALSE
cram_flush_container,htslib/cram/cram_io.c,4141,,,FALSE
reset_metrics,htslib/cram/cram_io.c,4236,,,FALSE
hts_tpool_dispatch2,htslib/thread_pool.c,841,,,FALSE
cram_flush_container_mt,htslib/cram/cram_io.c,4273,,,FALSE
cram_free_file_def,htslib/cram/cram_io.c,4698,,,FALSE
cram_index_free_recurse,htslib/cram/cram_index.c,363,6,self,FALSE
cram_index_free,htslib/cram/cram_index.c,373,,,FALSE
hts_tpool_process_empty,htslib/thread_pool.c,258,,,FALSE
cram_drain_rqueue,htslib/cram/cram_decode.c,3632,,,FALSE
sam_hdr_destroy,htslib/sam.c,117,,,FALSE
cram_write_eof_block,htslib/cram/cram_io.c,5472,7,mutual,FALSE
cram_close,htslib/cram/cram_io.c,5556,7,mutual,FALSE
cram_eof,htslib/cram/cram_io.c,5662,,,FALSE
hts_filter_free,htslib/hts_expr.c,863,,,FALSE
hts_idx_destroy,htslib/hts.c,2687,,,FALSE
idx_write_uint64,htslib/hts.c,2733,,,FALSE
need_idx_ugly_delay_hack,htslib/hts.c,2748,,,FALSE
hts_idx_close_otf_fp,htslib/hts.c,2910,,,FALSE
sam_free_sp_bams,htslib/sam.c,3076,,,FALSE
bam_hdr_destroy,htslib/htslib/sam.h,401,,,FALSE
hts_tpool_process_shutdown,htslib/thread_pool.c,327,,,FALSE
hts_tpool_dispatch,htslib/thread_pool.c,829,,,FALSE
sam_state_destroy,htslib/sam.c,3092,,,FALSE
fastq_state_destroy,htslib/sam.c,3802,,,FALSE
hts_close,htslib/hts.c,1639,,,FALSE
hts_close_or_abort,htslib/test/fuzz/hts_open_fuzzer.c,40,,,FALSE
sam_hdr_count_lines,htslib/header.c,2142,,,FALSE
refs_from_header,htslib/cram/cram_io.c,2768,,,FALSE
cram_read_file_def,htslib/cram/cram_io.c,4660,,,FALSE
redact_header_text,htslib/header.c,1530,,,FALSE
sam_hdr_add_lines,htslib/header.c,1657,,,FALSE
int32_decode,htslib/cram/cram_io.c,1005,,,FALSE
int32_get_blk,htslib/cram/cram_io.c,1029,,,FALSE
hgetc2,htslib/hfile.c,235,,,FALSE
hgetc,htslib/htslib/hfile.h,163,,,FALSE
cram_read_block,htslib/cram/cram_io.c,1414,,,FALSE
cram_read_container,htslib/cram/cram_io.c,3786,,,FALSE
sam_hdr_init,htslib/sam.c,108,,,FALSE
cram_read_SAM_hdr,htslib/cram/cram_io.c,4715,,,FALSE
cram_init_varint,htslib/cram/cram_io.c,5127,,,FALSE
cram_init_tables,htslib/cram/cram_io.c,5170,,,FALSE
cram_dopen,htslib/cram/cram_io.c,5287,,,FALSE
cram_load_reference,htslib/cram/cram_io.c,3597,,,FALSE
cram_seek,htslib/cram/cram_io.c,5429,,,FALSE
cram_index_query,htslib/cram/cram_index.c,404,,,FALSE
cram_seek_to_refpos,htslib/cram/cram_index.c,572,,,FALSE
cram_set_voption,htslib/cram/cram_io.c,5692,,,FALSE
cram_set_option,htslib/cram/cram_io.c,5674,,,FALSE
free_part,htslib/multipart.c,53,,,FALSE
free_all_parts,htslib/multipart.c,66,,,FALSE
dehex,htslib/textutils.c,37,,,FALSE
encode_utf8,htslib/textutils.c,103,,,FALSE
fscan_string,htslib/textutils.c,164,,,FALSE
token_type,htslib/textutils.c,202,,,FALSE
hts_json_fnext,htslib/textutils.c,292,,,FALSE
skip_value,htslib/textutils.c,338,,,FALSE
hts_json_fskip_value,htslib/textutils.c,402,,,FALSE
ks_release,htslib/htslib/kstring.h,225,,,FALSE
parse_ga4gh_body_json,htslib/multipart.c,149,,,FALSE
parse_ga4gh_redirect_json,htslib/multipart.c,220,,,FALSE
hopen_htsget_redirect,htslib/multipart.c,241,,,FALSE
bgzf_hopen,htslib/bgzf.c,539,,,FALSE
format_category,htslib/hts.c,269,,,FALSE
find_file_extension,htslib/hts_internal.h,140,,,FALSE
decompress_peek_gz,htslib/hts.c,313,,,FALSE
decompress_peek_xz,htslib/hts.c,356,,,FALSE
isdigit_c,htslib/textutils_internal.h,171,,,FALSE
parse_version,htslib/hts.c,388,,,FALSE
cmp_nonblank,htslib/hts.c,414,,,FALSE
is_text_only,htslib/hts.c,428,,,FALSE
is_fastaq,htslib/hts.c,458,,,FALSE
parse_tabbed_text,htslib/hts.c,483,,,FALSE
colmatch,htslib/hts.c,540,,,FALSE
hts_detect_format2,htslib/hts.c,556,,,FALSE
cram_hfile,htslib/cram/cram_io.h,646,,,FALSE
bgzf_hfile,htslib/bgzf.c,2619,,,FALSE
hts_hfile,htslib/hts.c,1774,,,FALSE
hts_get_bgzfp,htslib/hts.c,2008,,,FALSE
sam_state_create,htslib/sam.c,3048,,,FALSE
sam_set_thread_pool,htslib/sam.c,3719,,,FALSE
sam_set_threads,htslib/sam.c,3746,,,FALSE
bgzf_set_cache_size,htslib/bgzf.c,2126,,,FALSE
hts_set_cache_size,htslib/hts.c,1945,,,FALSE
hts_filter_init,htslib/hts_expr.c,849,,,FALSE
hts_set_filter_expression,htslib/hts.c,1967,,,FALSE
fastq_state_init,htslib/sam.c,3786,,,FALSE
fastq_state_set,htslib/sam.c,3815,,,FALSE
hts_set_opt,htslib/hts.c,1791,8,mutual,FALSE
hts_set_threads,htslib/hts.c,1922,8,mutual,FALSE
hts_set_thread_pool,htslib/hts.c,1934,8,mutual,FALSE
hts_opt_apply,htslib/hts.c,1247,,,FALSE
hts_opt_free,htslib/hts.c,1279,,,FALSE
hts_opt_add,htslib/hts.c,1021,,,FALSE
hts_parse_opt_list,htslib/hts.c,1300,,,FALSE
hts_process_opts,htslib/hts.c,1413,,,FALSE
hts_crypt4gh_redirect,htslib/hts.c,1430,,,FALSE
hts_hopen,htslib/hts.c,1463,,,FALSE
hts_set_fai_filename,htslib/hts.c,1951,,,FALSE
bam_init1,htslib/sam.c,431,,,FALSE
bam_get_mempolicy,htslib/htslib/sam.h,966,,,FALSE
bam_destroy1,htslib/sam.c,469,,,FALSE
sam_hdr_incr_ref,htslib/header.c,2717,,,FALSE
build_header_line,htslib/header.c,743,,,FALSE
sam_hrecs_rebuild_lines,htslib/header.c,758,,,FALSE
sam_hrecs_rebuild_text,htslib/header.c,2376,,,FALSE
sam_hdr_dup_sdict,htslib/sam.c,144,,,FALSE
sam_hdr_dup,htslib/sam.c,169,,,FALSE
hclearerr,htslib/htslib/hfile.h,140,,,FALSE
bgzf_check_EOF_common,htslib/bgzf.c,1542,,,FALSE
bgzf_check_EOF,htslib/bgzf.c,2132,,,FALSE
ed_swap_4,htslib/htslib/hts.h,1581,,,FALSE
ed_swap_4p,htslib/htslib/hts.h,1586,,,FALSE
bam_hdr_read,htslib/sam.c,229,,,FALSE
sam_hdr_sanitise,htslib/sam.c,1842,,,FALSE
valid_sam_header_type,htslib/header.c,1325,,,FALSE
bgzf_peek,htslib/bgzf.c,1294,,,FALSE
ks_expand,htslib/htslib/kstring.h,179,,,FALSE
bgzf_getline,htslib/bgzf.c,2299,,,FALSE
herrno,htslib/htslib/hfile.h,134,,,FALSE
kgetline2,htslib/kstring.c,306,,,FALSE
hts_getline,htslib/hts.c,2035,,,FALSE
kputll,htslib/htslib/kstring.h,384,,,FALSE
kgetline,htslib/kstring.c,270,,,FALSE
khgetline,htslib/hfile.c,306,,,FALSE
sam_hdr_build_from_sam_file,htslib/header.c,1353,,,FALSE
sam_hdr_create,htslib/sam.c,1907,,,FALSE
sam_hdr_read,htslib/sam.c,1925,,,FALSE
cram_set_header2,htslib/cram/cram_io.c,2852,,,FALSE
sam_hdr_link_pg,htslib/header.c,2468,,,FALSE
ks_len,htslib/htslib/kstring.h,204,,,FALSE
sam_hdr_rebuild,htslib/header.c,1604,,,FALSE
sam_hdr_length,htslib/header.c,1578,,,FALSE
sam_hdr_str,htslib/header.c,1585,,,FALSE
sam_hdr_add_line,htslib/header.c,1692,,,FALSE
check_for_name_update,htslib/header.c,1866,,,FALSE
sam_hdr_update_line,htslib/header.c,1909,,,FALSE
int32_put_blk,htslib/cram/cram_io.c,1045,,,FALSE
cram_compress_block,htslib/cram/cram_io.c,2322,,,FALSE
cram_new_compression_header,htslib/cram/cram_io.c,4330,,,FALSE
cram_stats_create,htslib/cram/cram_stats.c,48,,,FALSE
cram_new_container,htslib/cram/cram_io.c,3637,,,FALSE
cram_write_file_def,htslib/cram/cram_io.c,4694,,,FALSE
full_path,htslib/cram/cram_io.c,4850,,,FALSE
cram_write_SAM_hdr,htslib/cram/cram_io.c,4889,,,FALSE
bam_hdr_write,htslib/sam.c,344,,,FALSE
kputw,htslib/htslib/kstring.h,371,,,FALSE
sam_hdr_write,htslib/sam.c,1967,,,FALSE
ws,htslib/hts_expr.c,72,,,FALSE
hts_str2dbl,htslib/textutils_internal.h,354,,,FALSE
expr_func_length,htslib/hts_expr.c,88,,,FALSE
expr_func_min,htslib/hts_expr.c,97,,,FALSE
expr_func_max,htslib/hts_expr.c,114,,,FALSE
expr_func_avg,htslib/hts_expr.c,131,,,FALSE
hts_expr_val_exists,htslib/htslib/hts_expr.h,65,,,FALSE
hts_expr_val_existsT,htslib/htslib/hts_expr.h,71,,,FALSE
hts_expr_val_undef,htslib/htslib/hts_expr.h,76,,,FALSE
hts_expr_val_free,htslib/htslib/hts_expr.h,84,,,FALSE
func_expr,htslib/hts_expr.c,154,9,mutual,FALSE
simple_expr,htslib/hts_expr.c,284,9,mutual,FALSE
unary_expr,htslib/hts_expr.c,364,9,mutual,FALSE
mul_expr,htslib/hts_expr.c,423,9,mutual,FALSE
add_expr,htslib/hts_expr.c,470,9,mutual,FALSE
bitand_expr,htslib/hts_expr.c,515,9,mutual,FALSE
bitxor_expr,htslib/hts_expr.c,550,9,mutual,FALSE
bitor_expr,htslib/hts_expr.c,585,9,mutual,FALSE
cmp_expr,htslib/hts_expr.c,623,9,mutual,FALSE
eq_expr,htslib/hts_expr.c,696,9,mutual,FALSE
and_expr,htslib/hts_expr.c,795,9,mutual,FALSE
expression,htslib/hts_expr.c,844,9,mutual,FALSE
hts_filter_eval_,htslib/hts_expr.c,875,,,FALSE
hts_filter_eval2,htslib/hts_expr.c,920,,,FALSE
sam_passes_filter,htslib/sam.c,1535,,,FALSE
bam_set_mempolicy,htslib/htslib/sam.h,957,,,FALSE
sam_realloc_bam_data,htslib/sam.c,436,,,FALSE
realloc_bam_data,htslib/sam_internal.h,47,,,FALSE
bam_cigar2rqlens,htslib/sam.c,508,,,FALSE
subtract_check_underflow,htslib/sam.c,521,,,FALSE
bam_set1,htslib/sam.c,531,,,FALSE
isprint_c,htslib/textutils_internal.h,174,,,FALSE
hts_strprint,htslib/textutils.c,452,,,FALSE
hts_str2int,htslib/textutils_internal.h,218,,,FALSE
possibly_expand_bam_data,htslib/sam_internal.h,53,,,FALSE
grow_B_array,htslib/sam.c,2221,,,FALSE
sam_parse_Bc_vals,htslib/sam.c,2244,,,FALSE
sam_parse_BC_vals,htslib/sam.c,2258,,,FALSE
i16_to_le,htslib/htslib/hts_endian.h,274,,,FALSE
sam_parse_Bs_vals,htslib/sam.c,2278,,,FALSE
sam_parse_BS_vals,htslib/sam.c,2293,,,FALSE
u32_to_le,htslib/htslib/hts_endian.h,190,,,FALSE
i32_to_le,htslib/htslib/hts_endian.h,282,,,FALSE
sam_parse_Bi_vals,htslib/sam.c,2314,,,FALSE
sam_parse_BI_vals,htslib/sam.c,2329,,,FALSE
float_to_le,htslib/htslib/hts_endian.h,338,,,FALSE
sam_parse_Bf_vals,htslib/sam.c,2350,,,FALSE
sam_parse_B_vals_r,htslib/sam.c,2364,10,self,FALSE
sam_parse_B_vals,htslib/sam.c,2490,,,FALSE
u64_to_le,htslib/htslib/hts_endian.h,205,,,FALSE
double_to_le,htslib/htslib/hts_endian.h,352,,,FALSE
aux_parse,htslib/sam.c,2524,,,FALSE
aux_to_le,htslib/sam.c,4717,11,self,FALSE
bam_aux_append,htslib/sam.c,4761,,,FALSE
fastq_parse1,htslib/sam.c,3927,,,FALSE
bam_endpos,htslib/sam.c,673,,,FALSE
hts_reg2bin,htslib/htslib/hts.h,1516,,,FALSE
bam_tag2cigar,htslib/sam.c,680,,,FALSE
swap_data,htslib/sam.c,755,,,FALSE
fixup_missing_qname_nul,htslib/sam.c,763,,,FALSE
bgzf_read_small,htslib/htslib/bgzf.h,151,,,FALSE
bam_read1,htslib/sam.c,784,,,FALSE
sam_read1_bam,htslib/sam.c,4132,,,FALSE
append_uint32,htslib/cram/cram_io.h,288,,,FALSE
append_sub32,htslib/cram/cram_io.h,326,,,FALSE
append_uint64,htslib/cram/cram_io.h,340,,,FALSE
cram_to_bam,htslib/cram/cram_decode.c,3100,,,FALSE
sam_hrecs_sort_order,htslib/header.c,3128,,,FALSE
cram_content_type2str,htslib/cram/cram_io.c,2378,,,FALSE
cram_decode_slice_header,htslib/cram/cram_decode.c,954,,,FALSE
cram_read_slice,htslib/cram/cram_io.c,4566,,,FALSE
cram_decode_TD,htslib/cram/cram_decode.c,70,,,FALSE
cram_decoder_init,htslib/cram/cram_codecs.c,3872,,,FALSE
cram_decode_compression_header,htslib/cram/cram_decode.c,144,,,FALSE
hts_tpool_process_sz,htslib/thread_pool.c,303,,,FALSE
cram_decode_slice_mt,htslib/cram/cram_decode.c,3047,,,FALSE
cram_first_slice,htslib/cram/cram_decode.c,3212,,,FALSE
hts_tpool_process_len,htslib/thread_pool.c,289,,,FALSE
hts_tpool_process_qsize,htslib/thread_pool.c,1081,,,FALSE
cram_next_slice,htslib/cram/cram_decode.c,3268,,,FALSE
cram_get_seq,htslib/cram/cram_decode.c,3549,,,FALSE
cram_get_bam_seq,htslib/cram/cram_decode.c,3615,,,FALSE
sam_read1_cram,htslib/sam.c,4145,,,FALSE
bgzf_seek,htslib/bgzf.c,2241,,,FALSE
bam_copy1,htslib/sam.c,486,,,FALSE
bam_cigar2qlen,htslib/sam.c,653,,,FALSE
parse_sam_flag,htslib/sam.c,2498,,,FALSE
read_ncigar,htslib/sam.c,2844,,,FALSE
parse_cigar,htslib/sam.c,2866,,,FALSE
bam_parse_cigar,htslib/sam.c,2928,,,FALSE
sam_hdr_name2tid,htslib/header.c,2392,,,FALSE
bam_name2id,htslib/htslib/sam.h,780,,,FALSE
sam_parse1,htslib/sam.c,2662,,,FALSE
sam_read1_sam,htslib/sam.c,4157,,,FALSE
sam_read1,htslib/sam.c,4267,,,FALSE
sam_hdr_tid2len,htslib/header.c,2428,,,FALSE
cram_new_slice,htslib/cram/cram_io.c,4504,,,FALSE
cram_next_container,htslib/cram/cram_encode.c,3295,,,FALSE
bam_dup1,htslib/sam.c,496,,,FALSE
cram_put_bam_seq,htslib/cram/cram_encode.c,4045,,,FALSE
idx_format_name,htslib/hts.c,2270,,,FALSE
hts_bin_maxpos,htslib/htslib/hts.h,1557,,,FALSE
hts_idx_maxpos,htslib/hts.c,2533,,,FALSE
hts_idx_check_range,htslib/hts.c,2538,,,FALSE
insert_to_b,htslib/hts.c,2320,,,FALSE
insert_to_l,htslib/hts.c,2347,,,FALSE
hts_idx_push,htslib/hts.c,2558,,,FALSE
bgzf_idx_push,htslib/bgzf.c,189,,,FALSE
bgzf_flush_try,htslib/bgzf.c,1996,,,FALSE
hts_idx_amend_last,htslib/hts.c,2682,,,FALSE
bgzf_write_small,htslib/htslib/bgzf.h,183,,,FALSE
bam_write1,htslib/sam.c,862,,,FALSE
bam_write_idx1,htslib/sam.c,933,,,FALSE
add33,htslib/sam.c,4317,,,FALSE
kputsn_,htslib/htslib/kstring.h,276,,,FALSE
le_to_float,htslib/htslib/hts_endian.h,308,,,FALSE
le_to_u64,htslib/htslib/hts_endian.h,158,,,FALSE
le_to_double,htslib/htslib/hts_endian.h,324,,,FALSE
sam_format_aux1,htslib/htslib/sam.h,1463,,,FALSE
sam_format1_append,htslib/sam.c,4324,,,FALSE
sam_format1,htslib/sam.c,4406,,,FALSE
islower_c,htslib/textutils_internal.h,173,,,FALSE
isupper_c,htslib/textutils_internal.h,177,,,FALSE
fastq_format1,htslib/sam.c,4413,,,FALSE
sam_write1,htslib/sam.c,4553,,,FALSE
view_sam,htslib/test/fuzz/hts_open_fuzzer.c,46,,,FALSE
get_hdr_aux,htslib/vcf.c,125,,,FALSE
bcf_hrec_destroy,htslib/vcf.c,351,,,FALSE
bcf_hdr_destroy,htslib/vcf.c,1674,,,FALSE
bcf_hdr_incr_ref,htslib/vcf.c,196,,,FALSE
bcf_hdr_add_sample_len,htslib/vcf.c,232,,,FALSE
bcf_hdr_parse_sample_line,htslib/vcf.c,286,,,FALSE
bcf_hdr_sync,htslib/vcf.c,316,,,FALSE
isxdigit_c,htslib/textutils_internal.h,178,,,FALSE
is_escaped,htslib/hfile_s3.c,460,,,FALSE
bcf_hrec_add_key,htslib/vcf.c,440,,,FALSE
bcf_hrec_set_val,htslib/vcf.c,461,,,FALSE
is_escaped,htslib/vcf.c,647,,,FALSE
bcf_hdr_parse_line,htslib/vcf.c,654,,,FALSE
bcf_hrec_find_key,htslib/vcf.c,519,,,FALSE
bcf_hdr_get_hrec,htslib/vcf.c,1209,,,FALSE
bcf_hdr_get_version,htslib/vcf.c,1596,,,FALSE
bcf_get_version,htslib/vcf.c,145,,,FALSE
bcf_hrec_set_type,htslib/vcf.c,527,,,FALSE
bcf_hrec_check,htslib/vcf.c,596,,,FALSE
hrec_add_idx,htslib/vcf.c,495,,,FALSE
bcf_hdr_set_idx,htslib/vcf.c,796,,,FALSE
bcf_hdr_register_hrec,htslib/vcf.c,831,,,FALSE
bcf_hdr_unregister_hrec,htslib/vcf.c,1026,,,FALSE
bcf_hdr_add_hrec,htslib/vcf.c,1124,,,FALSE
bcf_hdr_id2int,htslib/vcf.c,4621,,,FALSE
bcf_hdr_check_sanity,htslib/vcf.c,1269,,,FALSE
bcf_hdr_parse,htslib/vcf.c,1410,,,FALSE
bcf_hdr_append,htslib/vcf.c,1491,,,FALSE
bcf_hdr_init,htslib/vcf.c,1635,,,FALSE
add_missing_contig_hrec,htslib/vcf.c,2571,,,FALSE
tbx_destroy,htslib/tbx.c,512,,,FALSE
hts_idx_get_meta,htslib/hts.c,3084,,,FALSE
hts_idx_init,htslib/hts.c,2405,,,FALSE
hts_bin_level,htslib/htslib/hts.h,1525,,,FALSE
idx_dump,htslib/hts.c,2281,,,FALSE
hts_bin_bot,htslib/htslib/hts.h,1550,,,FALSE
update_loff,htslib/hts.c,2431,,,FALSE
swap_bins,htslib/hts.c,2739,,,FALSE
idx_read_core,htslib/hts.c,2925,,,FALSE
idx_read,htslib/hts.c,2990,,,FALSE
idx_test_and_fetch,htslib/hts.c,4623,,,FALSE
hts_idx_check_local,htslib/hts.c,4756,,,FALSE
strip_extension,htslib/hfile.c,1353,,,FALSE
haddextension,htslib/hfile.c,1364,,,FALSE
idx_filename,htslib/hts.c,4885,,,FALSE
idx_find_and_load,htslib/hts.c,4925,12,mutual,FALSE
hts_idx_load3,htslib/hts.c,4987,12,mutual,FALSE
get_tid,htslib/tbx.c,64,,,FALSE
index_load,htslib/tbx.c,552,,,FALSE
link_index_,htslib/cram/cram_index.c,92,13,self,FALSE
link_index,htslib/cram/cram_index.c,108,,,FALSE
kget_int32,htslib/cram/cram_index.c,120,,,FALSE
kget_int64,htslib/cram/cram_index.c,145,,,FALSE
hts_idx_getfn,htslib/hts.c,4915,,,FALSE
cram_index_load,htslib/cram/cram_index.c,176,,,FALSE
index_load,htslib/sam.c,1649,,,FALSE
tbx_index_load3,htslib/tbx.c,599,,,FALSE
tbx_seqnames,htslib/tbx.c,614,,,FALSE
kputl,htslib/htslib/kstring.h,445,,,FALSE
vcf_hdr_read,htslib/vcf.c,2594,,,FALSE
bgzf_set_private_data,htslib/bgzf_internal.h,51,,,FALSE
bcf_hdr_read,htslib/vcf.c,1710,,,FALSE
_bcf_hrec_format,htslib/vcf.c,2712,,,FALSE
bcf_hdr_format,htslib/vcf.c,2740,,,FALSE
vcf_hdr_write,htslib/vcf.c,2811,,,FALSE
bcf_hdr_write,htslib/vcf.c,1771,,,FALSE
bcf_init,htslib/vcf.c,1815,,,FALSE
bcf_destroy,htslib/vcf.c,1867,,,FALSE
bcf_read1_core,htslib/vcf.c,1874,,,FALSE
le_to_i64,htslib/htslib/hts_endian.h,262,,,FALSE
bcf_dec_typed_int1_safe,htslib/vcf.c,1918,,,FALSE
bcf_dec_size_safe,htslib/vcf.c,1950,,,FALSE
get_type_name,htslib/vcf.c,1965,,,FALSE
updatephasing,htslib/vcf.c,1985,,,FALSE
bcf_hdr_id2name,htslib/htslib/vcf.h,1222,,,FALSE
bcf_seqname,htslib/htslib/vcf.h,1227,,,FALSE
bcf_seqname_safe,htslib/htslib/vcf.h,1238,,,FALSE
bcf_record_check_err,htslib/vcf.c,2031,,,FALSE
le_to_i8,htslib/htslib/hts_endian.h,230,,,FALSE
bcf_dec_int1,htslib/htslib/vcf.h,1630,,,FALSE
bcf_dec_typed_int1,htslib/htslib/vcf.h,1665,,,FALSE
bcf_dec_size,htslib/htslib/vcf.h,1670,,,FALSE
bcf_unpack_fmt_core1,htslib/vcf.c,4178,,,FALSE
bcf_unpack_info_core1,htslib/vcf.c,4192,,,FALSE
bcf_fmt_array,htslib/vcf.c,3036,,,FALSE
bcf_fmt_sized_array,htslib/vcf.c,3081,,,FALSE
bcf_unpack,htslib/vcf.c,4234,,,FALSE
bcf_get_fmt_id,htslib/vcf.c,6045,,,FALSE
bcf_get_fmt,htslib/vcf.c,6031,,,FALSE
bcf_get_info_id,htslib/vcf.c,6056,,,FALSE
bcf_get_info,htslib/vcf.c,6038,,,FALSE
svlen_on_ref_for_vcf_alt,htslib/hts_internal.h,181,,,FALSE
get_rlen,htslib/vcf.c,6420,,,FALSE
bcf_record_check,htslib/vcf.c,2040,,,FALSE
bcf_subset_format,htslib/vcf.c,2215,,,FALSE
vcf_read,htslib/vcf.c,4170,,,FALSE
bgzf_get_private_data,htslib/bgzf_internal.h,67,,,FALSE
bcf_read,htslib/vcf.c,2256,,,FALSE
bcf_enc_size,htslib/htslib/vcf.h,1540,,,FALSE
bcf_enc_vchar,htslib/vcf.c,2970,,,FALSE
bcf1_sync_id,htslib/vcf.c,2278,,,FALSE
bcf1_sync_alleles,htslib/vcf.c,2287,,,FALSE
bcf_enc_int1,htslib/htslib/vcf.h,1582,,,FALSE
bcf_enc_vint,htslib/vcf.c,2834,,,FALSE
bcf1_sync_filter,htslib/vcf.c,2298,,,FALSE
bcf1_sync_info,htslib/vcf.c,2308,,,FALSE
bcf1_sync,htslib/vcf.c,2332,,,FALSE
hts_idx_tbi_name,htslib/hts.c,2648,,,FALSE
vcf_write,htslib/vcf.c,4587,,,FALSE
add_desc_to_buffer,htslib/vcf.c,6287,,,FALSE
bcf_strerror,htslib/vcf.c,6304,,,FALSE
bcf_write,htslib/vcf.c,2510,,,FALSE
view_vcf,htslib/test/fuzz/hts_open_fuzzer.c,121,,,FALSE
hts_open_format,htslib/hts.c,891,,,FALSE
hts_open,htslib/hts.c,991,,,FALSE
view_sam,htslib/htsfile.c,64,,,FALSE
view_vcf,htslib/htsfile.c,108,,,FALSE
LLVMFuzzerTestOneInput,htslib/test/fuzz/hts_open_fuzzer.c,171,,,FALSE
push_digit,htslib/hts.c,3882,,,FALSE
hts_parse_decimal,htslib/hts.c,3889,,,FALSE
hts_memrchr,htslib/hts.c,3944,,,FALSE
hts_parse_region,htslib/hts.c,4000,,,FALSE
sam_parse_region,htslib/sam.c,422,,,FALSE
reg_expected,htslib/test/test-parse-reg.c,50,,,FALSE
reg_test,htslib/test/test-parse-reg.c,72,,,FALSE
main,htslib/test/test-parse-reg.c,145,,,FALSE
to_hex,htslib/test/hts_endian.c,149,,,FALSE
t16_bit,htslib/test/hts_endian.c,159,,,FALSE
t32_bit,htslib/test/hts_endian.c,242,,,FALSE
i64_to_le,htslib/htslib/hts_endian.h,290,,,FALSE
t64_bit,htslib/test/hts_endian.c,323,,,FALSE
t_float,htslib/test/hts_endian.c,406,,,FALSE
t_double,htslib/test/hts_endian.c,451,,,FALSE
main,htslib/test/hts_endian.c,496,,,FALSE
main,htslib/test/thrash_threads5.c,35,,,FALSE
differ,htslib/test/test_kfunc.c,33,,,FALSE
fail,htslib/test/test_kfunc.c,40,,,FALSE
lbinom,htslib/kfunc.c,197,,,FALSE
hypergeo,htslib/kfunc.c,209,,,FALSE
hypergeo_acc,htslib/kfunc.c,220,,,FALSE
kt_fisher_exact,htslib/kfunc.c,245,,,FALSE
test_fisher,htslib/test/test_kfunc.c,48,,,FALSE
main,htslib/test/test_kfunc.c,59,,,FALSE
main,htslib/test/thrash_threads2.c,35,,,FALSE
file_compare,htslib/test/test_faidx.c,33,,,FALSE
fai_read,htslib/faidx.c,380,,,FALSE
bgzf_compression,htslib/bgzf.c,2272,,,FALSE
fai_load3_core,htslib/faidx.c,567,,,FALSE
fai_load3_format,htslib/faidx.c,705,,,FALSE
load_index,htslib/test/test_faidx.c,87,,,FALSE
fai_retrieve,htslib/faidx.c,716,,,FALSE
faidx_iseq,htslib/faidx.c,896,,,FALSE
fai_parse_region,htslib/faidx.c,1021,,,FALSE
fai_get_val,htslib/faidx.c,798,,,FALSE
fai_fetch64,htslib/faidx.c,846,,,FALSE
fai_fetch,htslib/faidx.c,859,,,FALSE
fai_fetchqual64,htslib/faidx.c,867,,,FALSE
fai_fetchqual,htslib/faidx.c,879,,,FALSE
faidx_adjust_position,htslib/faidx.c,914,,,FALSE
fai_adjust_region,htslib/faidx.c,952,,,FALSE
faidx_fetch_seq64,htslib/faidx.c,972,,,FALSE
faidx_fetch_seq,htslib/faidx.c,985,,,FALSE
faidx_fetch_qual64,htslib/faidx.c,993,,,FALSE
faidx_fetch_qual,htslib/faidx.c,1006,,,FALSE
do_retrieval,htslib/test/test_faidx.c,99,,,FALSE
fai_line_length,htslib/faidx.c,834,,,FALSE
test_fai_line_length,htslib/test/test_faidx.c,260,,,FALSE
faidx_has_seq,htslib/faidx.c,1014,,,FALSE
test_faidx_has_seq,htslib/test/test_faidx.c,285,,,FALSE
test_faidx_iseq,htslib/test/test_faidx.c,310,,,FALSE
faidx_seq_len64,htslib/faidx.c,901,,,FALSE
faidx_seq_len,htslib/faidx.c,908,,,FALSE
test_faidx_seq_len,htslib/test/test_faidx.c,339,,,FALSE
test_faidx_seq_len64,htslib/test/test_faidx.c,366,,,FALSE
usage,htslib/test/test_faidx.c,394,,,FALSE
usage,htslib/test/test-bcf-sr.c,54,,,FALSE
usage,htslib/test/test-regidx.c,415,,,FALSE
usage,htslib/test/test_realn.c,38,,,FALSE
usage,htslib/test/test_index.c,32,,,FALSE
hts_version,htslib/hts.c,84,,,FALSE
usage,htslib/tabix.c,580,,,FALSE
usage,htslib/htsfile.c,213,,,FALSE
usage,htslib/ref_cache/main.c,857,,,FALSE
help,htslib/test/test_faidx.c,403,,,FALSE
main,htslib/test/test_faidx.c,430,,,FALSE
hts_features,htslib/hts.c,89,,,FALSE
hts_test_feature,htslib/hts.c,127,,,FALSE
hts_plugin_path,htslib/plugin.c,195,,,FALSE
hts_feature_string,htslib/hts.c,169,,,FALSE
hfile_list_schemes,htslib/hfile.c,1218,,,FALSE
hfile_list_plugins,htslib/hfile.c,1257,,,FALSE
main,htslib/test/test_introspection.c,31,,,FALSE
get_int_aux_val,htslib/sam.c,5101,,,FALSE
bam_aux2i,htslib/sam.c,5117,,,FALSE
check,htslib/test/fieldarith.c,34,,,FALSE
main,htslib/test/fieldarith.c,48,,,FALSE
sym,htslib/test/plugins-dlhts.c,48,,,FALSE
func,htslib/test/plugins-dlhts.c,59,,,FALSE
test_hopen,htslib/test/plugins-dlhts.c,75,,,FALSE
verbose_log,htslib/test/plugins-dlhts.c,94,,,FALSE
main,htslib/test/plugins-dlhts.c,101,,,FALSE
main,htslib/test/plugins-dlhts.c,180,,,FALSE
bcf_sweep_init,htslib/vcf_sweep.c,114,,,FALSE
bcf_sweep_destroy,htslib/vcf_sweep.c,128,,,FALSE
hts_useek,htslib/hts.c,2015,,,FALSE
sw_seek,htslib/vcf_sweep.c,140,,,FALSE
hts_utell,htslib/hts.c,2022,,,FALSE
bcf_sweep_fwd,htslib/vcf_sweep.c,152,,,FALSE
sw_rec_equal,htslib/vcf_sweep.c,58,,,FALSE
sw_rec_save,htslib/vcf_sweep.c,72,,,FALSE
sw_fill_buffer,htslib/vcf_sweep.c,88,,,FALSE
bcf_sweep_bwd,htslib/vcf_sweep.c,181,,,FALSE
bcf_sweep_hdr,htslib/vcf_sweep.c,189,,,FALSE
main,htslib/test/test-vcf-sweep.c,31,,,FALSE
hts_reglist_free,htslib/region.c,266,,,FALSE
hts_itr_destroy,htslib/hts.c,3867,,,FALSE
hts_adjust_csi_settings,htslib/hts.c,2372,,,FALSE
sam_idx_init,htslib/sam.c,1095,,,FALSE
compress_binning,htslib/hts.c,2462,,,FALSE
hts_idx_finish,htslib/hts.c,2515,,,FALSE
hts_idx_fmt,htslib/hts.c,2714,,,FALSE
idx_write_int32,htslib/hts.c,2721,,,FALSE
idx_write_uint32,htslib/hts.c,2727,,,FALSE
idx_save_core,htslib/hts.c,2759,,,FALSE
hts_idx_write_out,htslib/hts.c,2847,,,FALSE
hts_idx_save_but_not_close,htslib/hts.c,2894,,,FALSE
sam_idx_save,htslib/sam.c,1123,,,FALSE
sam_index_load,htslib/sam.c,1681,,,FALSE
hts_itr_querys,htslib/hts.c,4201,,,FALSE
sam_itr_querys,htslib/sam.c,1760,,,FALSE
reg_compact,htslib/region.c,87,,,FALSE
reg_insert,htslib/region.c,123,,,FALSE
reg_destroy,htslib/region.c,159,,,FALSE
hts_reglist_create,htslib/region.c,177,,,FALSE
hts_itr_regions,htslib/hts.c,4217,,,FALSE
sam_itr_regarray,htslib/sam.c,1768,,,FALSE
hts_itr_next,htslib/hts.c,4271,,,FALSE
hts_itr_multi_next,htslib/hts.c,4325,,,FALSE
sam_itr_next,htslib/htslib/sam.h,1355,,,FALSE
sam_loop,htslib/test/test_view.c,65,,,FALSE
idx_calc_n_lvls_ids,htslib/vcf.c,4636,,,FALSE
hts_idx_set_meta,htslib/hts.c,3062,,,FALSE
vcf_idx_init,htslib/vcf.c,4756,,,FALSE
bcf_idx_init,htslib/vcf.c,4795,,,FALSE
bcf_idx_save,htslib/vcf.c,4822,,,FALSE
bcf_itr_next,htslib/htslib/vcf.h,1327,,,FALSE
vcf_loop,htslib/test/test_view.c,196,,,FALSE
hts_get_format,htslib/hts.c,1744,,,FALSE
main,htslib/test/test_view.c,279,,,FALSE
tbx_name2id,htslib/tbx.c,91,,,FALSE
bcf_hdr_name2id,htslib/htslib/vcf.h,1221,,,FALSE
_reader_seek,htslib/synced_bcf_reader.c,560,,,FALSE
_regions_parse_line,htslib/synced_bcf_reader.c,1184,,,FALSE
khash_str2int_destroy,htslib/htslib/khash_str2int.h,44,,,FALSE
bcf_sr_regions_destroy,htslib/synced_bcf_reader.c,1323,,,FALSE
advance_creg,htslib/synced_bcf_reader.c,1369,,,FALSE
khash_str2int_get,htslib/htslib/khash_str2int.h,78,,,FALSE
bcf_sr_regions_next,htslib/synced_bcf_reader.c,1378,,,FALSE
_readers_next_region,htslib/synced_bcf_reader.c,596,,,FALSE
_set_variant_boundaries,htslib/synced_bcf_reader.c,621,,,FALSE
has_filter,htslib/synced_bcf_reader.c,543,,,FALSE
_reader_fill_buffer,htslib/synced_bcf_reader.c,653,,,FALSE
_reader_shift_buffer,htslib/synced_bcf_reader.c,767,,,FALSE
bcf_sr_regions_seek,htslib/synced_bcf_reader.c,1348,,,FALSE
bcf_sr_regions_flush,htslib/synced_bcf_reader.c,1555,,,FALSE
_bcf_sr_regions_overlap,htslib/synced_bcf_reader.c,1526,,,FALSE
bcf_sr_regions_overlap,htslib/synced_bcf_reader.c,1521,,,FALSE
bcf_sr_sort_set_active,htslib/bcf_sr_sort.c,324,,,FALSE
bcf_sr_sort_add_active,htslib/bcf_sr_sort.c,331,,,FALSE
debug_vbuf,htslib/bcf_sr_sort.c,287,,,FALSE
bcf_sr_set_opt,htslib/synced_bcf_reader.c,114,,,FALSE
kbs_logical_and,htslib/bcf_sr_sort.c,43,,,FALSE
kbs_bitwise_or,htslib/bcf_sr_sort.c,54,,,FALSE
bcf_sr_init_scores,htslib/bcf_sr_sort.c,61,,,FALSE
multi_is_exact,htslib/bcf_sr_sort.c,105,,,FALSE
multi_is_subset,htslib/bcf_sr_sort.c,133,,,FALSE
pairing_score,htslib/bcf_sr_sort.c,153,,,FALSE
remove_vset,htslib/bcf_sr_sort.c,193,,,FALSE
merge_vsets,htslib/bcf_sr_sort.c,208,,,FALSE
push_vset,htslib/bcf_sr_sort.c,233,,,FALSE
debug_vsets,htslib/bcf_sr_sort.c,265,,,FALSE
grp_create_key,htslib/bcf_sr_sort.c,303,,,FALSE
bcf_set_variant_type,htslib/vcf.c,5373,,,FALSE
bcf_set_variant_types,htslib/vcf.c,5444,,,FALSE
bcf_get_variant_types,htslib/vcf.c,5474,,,FALSE
khash_str2int_init,htslib/htslib/khash_str2int.h,36,,,FALSE
khash_str2int_set,htslib/htslib/khash_str2int.h,114,,,FALSE
kbs_last_mask,htslib/htslib/kbitset.h,70,,,FALSE
kbs_resize2,htslib/htslib/kbitset.h,100,,,FALSE
kbs_resize,htslib/htslib/kbitset.h,125,,,FALSE
kbs_clear,htslib/htslib/kbitset.h,137,,,FALSE
kbs_insert,htslib/htslib/kbitset.h,150,,,FALSE
bcf_sr_sort_set,htslib/bcf_sr_sort.c,338,,,FALSE
bcf_sr_sort_next,htslib/bcf_sr_sort.c,593,,,FALSE
next_line,htslib/synced_bcf_reader.c,779,,,FALSE
_regions_match_alleles,htslib/synced_bcf_reader.c,1467,,,FALSE
bcf_sr_next_line,htslib/synced_bcf_reader.c,866,,,FALSE
write_summary_format,htslib/test/test-bcf-sr.c,71,,,FALSE
write_vcf_bcf_format,htslib/test/test-bcf-sr.c,107,,,FALSE
bcf_sr_strerror,htslib/synced_bcf_reader.c,84,,,FALSE
bcf_sr_seek_start,htslib/synced_bcf_reader.c,893,,,FALSE
bcf_sr_regions_alloc,htslib/synced_bcf_reader.c,1012,,,FALSE
_regions_add,htslib/synced_bcf_reader.c,1024,,,FALSE
regions_merge,htslib/synced_bcf_reader.c,1070,,,FALSE
_regions_sort_and_merge,htslib/synced_bcf_reader.c,1085,,,FALSE
_regions_init_string,htslib/synced_bcf_reader.c,1101,,,FALSE
bcf_sr_regions_init,htslib/synced_bcf_reader.c,1244,,,FALSE
bcf_sr_set_regions,htslib/synced_bcf_reader.c,190,,,FALSE
bcf_sr_set_targets,htslib/synced_bcf_reader.c,208,,,FALSE
init_filters,htslib/synced_bcf_reader.c,150,,,FALSE
bcf_hdr_seqnames,htslib/vcf.c,2767,,,FALSE
hts_idx_load2,htslib/hts.c,4982,,,FALSE
bcf_index_load2,htslib/vcf.c,4690,,,FALSE
tbx_index_load2,htslib/tbx.c,604,,,FALSE
bcf_sr_add_hreader,htslib/synced_bcf_reader.c,274,,,FALSE
vcf_open_mode,htslib/vcf.c,4154,14,self,FALSE
bcf_sr_add_reader,htslib/synced_bcf_reader.c,252,,,FALSE
bcf_sr_sort_init,htslib/bcf_sr_sort.c,675,,,FALSE
bcf_sr_init,htslib/synced_bcf_reader.c,451,,,FALSE
bcf_sr_destroy_threads,htslib/synced_bcf_reader.c,243,,,FALSE
bcf_sr_destroy1,htslib/synced_bcf_reader.c,461,,,FALSE
khash_str2int_destroy_free,htslib/htslib/khash_str2int.h,53,,,FALSE
kbs_destroy,htslib/htslib/kbitset.h,131,,,FALSE
bcf_sr_sort_destroy,htslib/bcf_sr_sort.c,685,,,FALSE
bcf_sr_destroy,htslib/synced_bcf_reader.c,480,,,FALSE
alternate_zeros,htslib/hts.c,437,,,FALSE
is_utf16_text,htslib/hts.c,445,,,FALSE
hts_is_utf16_text,htslib/hts.c,2000,,,FALSE
hts_readlist,htslib/hts.c,2065,,,FALSE
main,htslib/test/test-bcf-sr.c,126,,,FALSE
main,htslib/test/thrash_threads3.c,33,,,FALSE
debug,htslib/test/test-regidx.c,45,,,FALSE
info,htslib/test/test-regidx.c,55,,,FALSE
regidx_parse_tab,htslib/regidx.c,498,,,FALSE
HTS_FORMAT,htslib/test/test-regidx.c,64,,,FALSE
custom_free,htslib/test/test-regidx.c,100,,,FALSE
cmp_regs,htslib/regidx.c,132,,,FALSE
khash_str2int_inc,htslib/htslib/khash_str2int.h,96,,,FALSE
regidx_push,htslib/regidx.c,151,,,FALSE
regidx_insert,htslib/regidx.c,198,,,FALSE
regidx_destroy,htslib/regidx.c,311,,,FALSE
regidx_init,htslib/regidx.c,246,,,FALSE
regitr_init,htslib/regidx.c,584,,,FALSE
regitr_destroy,htslib/regidx.c,606,,,FALSE
regitr_loop,htslib/regidx.c,646,,,FALSE
test_sequential_access,htslib/test/test-regidx.c,106,,,FALSE
reglist_build_index_,htslib/regidx.c,335,,,FALSE
regidx_overlap,htslib/regidx.c,401,,,FALSE
test_custom_payload,htslib/test/test-regidx.c,143,,,FALSE
get_random_region,htslib/test/test-regidx.c,190,,,FALSE
regitr_overlap,htslib/regidx.c,612,,,FALSE
test_random,htslib/test/test-regidx.c,197,,,FALSE
regidx_parse_reg,htslib/regidx.c,545,,,FALSE
test_explicit,htslib/test/test-regidx.c,246,,,FALSE
create_line_bed,htslib/test/test-regidx.c,307,,,FALSE
create_line_tab,htslib/test/test-regidx.c,311,,,FALSE
create_line_reg,htslib/test/test-regidx.c,315,,,FALSE
test,htslib/test/test-regidx.c,322,,,FALSE
strcmpnull,htslib/test/test_expr.c,97,,,FALSE
cmpfloat,htslib/test/test_expr.c,105,,,FALSE
test,htslib/test/test_expr.c,110,,,FALSE
main,htslib/test/test-regidx.c,426,,,FALSE
fai_load3,htslib/faidx.c,693,,,FALSE
fai_load,htslib/faidx.c,699,,,FALSE
get_severity_tag,htslib/hts.c,5170,,,FALSE
hts_log,htslib/hts.c,5190,,,FALSE
realn_check_tag,htslib/realn.c,91,,,FALSE
probaln_glocal,htslib/probaln.c,77,,,FALSE
bam_aux_remove,htslib/sam.c,4871,,,FALSE
bam_aux_del,htslib/sam.c,4865,,,FALSE
sam_prob_realn,htslib/realn.c,106,,,FALSE
main,htslib/test/test_realn.c,42,,,FALSE
main,htslib/test/thrash_threads6.c,34,,,FALSE
job,htslib/test/thrash_threads7.c,43,,,FALSE
main,htslib/test/thrash_threads7.c,49,,,FALSE
clamp,htslib/test/test_kstring.c,40,,,FALSE
test_kroundup_size_t,htslib/test/test_kstring.c,45,,,FALSE
test_kroundup_signed,htslib/test/test_kstring.c,91,,,FALSE
test_kputuw_from_to,htslib/test/test_kstring.c,127,,,FALSE
test_kputuw,htslib/test/test_kstring.c,153,,,FALSE
test_kputw_from_to,htslib/test/test_kstring.c,193,,,FALSE
test_kputw,htslib/test/test_kstring.c,219,,,FALSE
test_kputll_from_to,htslib/test/test_kstring.c,268,,,FALSE
test_kputll,htslib/test/test_kstring.c,294,,,FALSE
mock_fgets,htslib/test/test_kstring.c,347,,,FALSE
test_kgetline,htslib/test/test_kstring.c,375,,,FALSE
mock_fgets2,htslib/test/test_kstring.c,403,,,FALSE
test_kgetline2,htslib/test/test_kstring.c,431,,,FALSE
kinsert_char,htslib/htslib/kstring.h,469,,,FALSE
test_kinsertchar,htslib/test/test_kstring.c,458,,,FALSE
kinsert_str,htslib/htslib/kstring.h,492,,,FALSE
test_kinsertstr,htslib/test/test_kstring.c,514,,,FALSE
test_kmemmem,htslib/test/test_kstring.c,586,,,FALSE
kstrstr,htslib/kstring.c,501,,,FALSE
test_kstrstr,htslib/test/test_kstring.c,638,,,FALSE
kstrnstr,htslib/kstring.c,510,,,FALSE
test_kstrnstr,htslib/test/test_kstring.c,673,,,FALSE
main,htslib/test/test_kstring.c,709,,,FALSE
lookup,htslib/test/test_expr.c,31,,,FALSE
main,htslib/test/test_expr.c,346,,,FALSE
write_stats_str2int,htslib/test/test_khash.c,50,,,FALSE
make_keys,htslib/test/test_khash.c,66,,,FALSE
add_str2int_entry,htslib/test/test_khash.c,86,,,FALSE
check_str2int_entry,htslib/test/test_khash.c,98,,,FALSE
del_str2int_entry,htslib/test/test_khash.c,127,,,FALSE
test_str2int,htslib/test/test_khash.c,137,,,FALSE
read_keys,htslib/test/test_khash.c,236,,,FALSE
get_time,htslib/test/test_khash.c,312,,,FALSE
fmt_time,htslib/test/test_khash.c,330,,,FALSE
benchmark,htslib/test/test_khash.c,344,,,FALSE
show_usage,htslib/test/test_khash.c,437,,,FALSE
main,htslib/test/test_khash.c,448,,,FALSE
gettime,htslib/test/test_nibbles.c,41,,,FALSE
fmttime,htslib/test/test_nibbles.c,53,,,FALSE
nibble2base_single,htslib/test/test_nibbles.c,69,,,FALSE
validate_nibble2base,htslib/test/test_nibbles.c,78,,,FALSE
time_nibble2base,htslib/test/test_nibbles.c,109,,,FALSE
main,htslib/test/test_nibbles.c,128,,,FALSE
test_bcf_set_variant_type,htslib/test/test-bcf_set_variant_type.c,42,,,FALSE
main,htslib/test/test-bcf_set_variant_type.c,143,,,FALSE
check_str2int,htslib/test/test_str2int.c,41,,,FALSE
check_strprint2,htslib/test/test_str2int.c,141,,,FALSE
check_strprint1,htslib/test/test_str2int.c,158,,,FALSE
check_strprintq,htslib/test/test_str2int.c,163,,,FALSE
check_strprint,htslib/test/test_str2int.c,169,,,FALSE
main,htslib/test/test_str2int.c,208,,,FALSE
main,htslib/test/thrash_threads4.c,34,,,FALSE
check_bam_aux_get,htslib/test/sam.c,78,,,FALSE
check_aux_count,htslib/test/sam.c,90,,,FALSE
bam_auxB_len,htslib/sam.c,5151,,,FALSE
bam_auxB2i,htslib/sam.c,5160,,,FALSE
bam_auxB2f,htslib/sam.c,5170,,,FALSE
check_int_B_array,htslib/test/sam.c,99,,,FALSE
bam_aux_update_int,htslib/sam.c,4942,,,FALSE
test_update_int,htslib/test/sam.c,136,,,FALSE
bam_aux_update_array,htslib/sam.c,5044,,,FALSE
test_update_array,htslib/test/sam.c,192,,,FALSE
bam_aux_update_str,htslib/sam.c,4890,,,FALSE
bam_aux_update_float,htslib/sam.c,5008,,,FALSE
bam_aux2f,htslib/sam.c,5124,,,FALSE
bam_aux2A,htslib/sam.c,5133,,,FALSE
bam_aux2Z,htslib/sam.c,5142,,,FALSE
bam_aux_tag,htslib/htslib/sam.h,1676,,,FALSE
bam_aux_type,htslib/htslib/sam.h,1683,,,FALSE
aux_fields1,htslib/test/sam.c,248,,,FALSE
bam_set_qname,htslib/sam.c,961,,,FALSE
set_qname,htslib/test/sam.c,557,,,FALSE
reg2bins_narrow,htslib/hts.c,3147,,,FALSE
reg2bins_wide,htslib/hts.c,3164,,,FALSE
reg2bins,htslib/hts.c,3186,,,FALSE
hts_itr_off,htslib/hts.c,3373,,,FALSE
hts_itr_query,htslib/hts.c,3426,,,FALSE
cram_itr_query,htslib/sam.c,1686,,,FALSE
sam_itr_queryi,htslib/sam.c,1743,,,FALSE
iterators1,htslib/test/sam.c,604,,,FALSE
copy_check_alignment,htslib/test/sam.c,612,,,FALSE
check_target_names,htslib/test/sam.c,669,,,FALSE
sam_hrecs_remove_ref_altnames,htslib/header.c,115,,,FALSE
sam_hrecs_remove_hash_entry,htslib/header.c,413,,,FALSE
sam_hrecs_remove_line,htslib/header.c,703,,,FALSE
sam_hdr_remove_line_id,htslib/header.c,1783,,,FALSE
sam_hrecs_find_type_pos,htslib/header.c,1546,,,FALSE
sam_hdr_remove_line_pos,htslib/header.c,1822,,,FALSE
sam_hdr_line_index,htslib/header.c,2185,,,FALSE
sam_hrecs_remove_key,htslib/header.c,3030,,,FALSE
sam_hdr_remove_tag_id,htslib/header.c,2345,,,FALSE
sam_hdr_pg_id,htslib/header.c,2561,,,FALSE
sam_hdr_add_pg,htslib/header.c,2612,,,FALSE
use_header_api,htslib/test/sam.c,705,,,FALSE
hts_set_log_level,htslib/hts.c,5160,,,FALSE
hts_get_log_level,htslib/hts.c,5165,,,FALSE
test_header_pg_lines,htslib/test/sam.c,921,,,FALSE
test_header_pg_loops,htslib/test/sam.c,1008,,,FALSE
sam_hdr_parse,htslib/sam.c,1820,,,FALSE
test_header_updates,htslib/test/sam.c,1087,,,FALSE
rebuild_hash,htslib/header.c,1983,,,FALSE
sam_hdr_remove_except,htslib/header.c,2014,,,FALSE
sam_hdr_remove_lines,htslib/header.c,2070,,,FALSE
test_header_remove_lines,htslib/test/sam.c,1182,,,FALSE
check_ref_lookup,htslib/test/sam.c,1245,,,FALSE
test_header_ref_altnames,htslib/test/sam.c,1258,,,FALSE
samrecord_layout,htslib/test/sam.c,1348,,,FALSE
check_ref_lengths,htslib/test/sam.c,1388,,,FALSE
check_big_ref,htslib/test/sam.c,1405,,,FALSE
faidx_fetch_nseq,htslib/faidx.c,886,,,FALSE
faidx_nseq,htslib/faidx.c,891,,,FALSE
faidx1,htslib/test/sam.c,1578,,,FALSE
test_empty_sam_file,htslib/test/sam.c,1618,,,FALSE
test_text_file,htslib/test/sam.c,1641,,,FALSE
check_enum1,htslib/test/sam.c,1661,,,FALSE
check_cigar_tab,htslib/test/sam.c,1669,,,FALSE
generator,htslib/test/sam.c,1688,,,FALSE
read_data_block,htslib/test/sam.c,1735,,,FALSE
test_parse_decimal1,htslib/test/sam.c,1781,,,FALSE
test_parse_decimal,htslib/test/sam.c,1795,,,FALSE
scan_keyword,htslib/hts.c,1002,,,FALSE
hts_parse_format,htslib/hts.c,1337,,,FALSE
test_mempolicy,htslib/test/sam.c,1812,,,FALSE
test_bam_set1_minimal,htslib/test/sam.c,2000,,,FALSE
test_bam_set1_full,htslib/test/sam.c,2031,,,FALSE
test_bam_set1_even_and_odd_seq_len,htslib/test/sam.c,2078,,,FALSE
test_bam_set1_with_seq_but_no_qual,htslib/test/sam.c,2108,,,FALSE
test_bam_set1_validate_qname,htslib/test/sam.c,2132,,,FALSE
test_bam_set1_validate_seq,htslib/test/sam.c,2149,,,FALSE
test_bam_set1_validate_cigar,htslib/test/sam.c,2166,,,FALSE
test_bam_set1_validate_size_limits,htslib/test/sam.c,2195,,,FALSE
ks_c_str,htslib/htslib/kstring.h,199,,,FALSE
bam_hdr_init,htslib/htslib/sam.h,400,,,FALSE
test_bam_set1_write_and_read_back,htslib/test/sam.c,2227,,,FALSE
sam_parse_cigar,htslib/sam.c,2895,,,FALSE
test_cigar_api,htslib/test/sam.c,2307,,,FALSE
main,htslib/test/sam.c,2328,,,FALSE
code,htslib/test/test_mod.c,76,,,FALSE
hts_base_mod_state_alloc,htslib/sam_mods.c,191,,,FALSE
hts_base_mod_state_free,htslib/sam_mods.c,195,,,FALSE
seq_freq,htslib/sam_mods.c,202,,,FALSE
bam_parse_basemod2,htslib/sam_mods.c,230,,,FALSE
bam_mods_at_next_pos,htslib/sam_mods.c,462,,,FALSE
bam_next_basemod,htslib/sam_mods.c,567,,,FALSE
bam_mods_recorded,htslib/sam_mods.c,655,,,FALSE
bam_mods_query_type,htslib/sam_mods.c,667,,,FALSE
bam_mods_queryi,htslib/sam_mods.c,692,,,FALSE
main,htslib/test/test_mod.c,88,,,FALSE
try_fopen,htslib/test/test_bgzf.c,68,,,FALSE
try_fclose,htslib/test/test_bgzf.c,77,,,FALSE
try_fread,htslib/test/test_bgzf.c,89,,,FALSE
try_fseek_start,htslib/test/test_bgzf.c,100,,,FALSE
try_bgzf_open,htslib/test/test_bgzf.c,109,,,FALSE
bgzf_dopen,htslib/bgzf.c,517,,,FALSE
try_bgzf_dopen,htslib/test/test_bgzf.c,120,,,FALSE
try_bgzf_hopen,htslib/test/test_bgzf.c,141,,,FALSE
try_bgzf_close,htslib/test/test_bgzf.c,163,,,FALSE
try_bgzf_read,htslib/test/test_bgzf.c,180,,,FALSE
try_bgzf_write,htslib/test/test_bgzf.c,190,,,FALSE
try_bgzf_compression,htslib/test/test_bgzf.c,203,,,FALSE
try_bgzf_mt,htslib/test/test_bgzf.c,216,,,FALSE
try_bgzf_index_build_init,htslib/test/test_bgzf.c,225,,,FALSE
try_bgzf_index_load,htslib/test/test_bgzf.c,235,,,FALSE
try_bgzf_index_dump,htslib/test/test_bgzf.c,245,,,FALSE
try_bgzf_tell,htslib/test/test_bgzf.c,255,,,FALSE
try_bgzf_tell_expect,htslib/test/test_bgzf.c,267,,,FALSE
try_bgzf_seek,htslib/test/test_bgzf.c,278,,,FALSE
try_bgzf_useek,htslib/test/test_bgzf.c,288,,,FALSE
try_bgzf_getc,htslib/test/test_bgzf.c,298,,,FALSE
try_skip,htslib/test/test_bgzf.c,311,,,FALSE
compare_buffers,htslib/test/test_bgzf.c,327,,,FALSE
cleanup,htslib/test/test_bgzf.c,344,,,FALSE
setup,htslib/test/test_bgzf.c,357,,,FALSE
test_read,htslib/test/test_bgzf.c,403,,,FALSE
test_write_read,htslib/test/test_bgzf.c,435,,,FALSE
test_embed_eof,htslib/test/test_bgzf.c,511,,,FALSE
test_index_load_dump,htslib/test/test_bgzf.c,584,,,FALSE
test_check_EOF,htslib/test/test_bgzf.c,622,,,FALSE
test_index_useek_getc,htslib/test/test_bgzf.c,638,,,FALSE
test_tell_seek_getc,htslib/test/test_bgzf.c,730,,,FALSE
test_tell_read,htslib/test/test_bgzf.c,831,,,FALSE
test_useek_read_small,htslib/test/test_bgzf.c,881,,,FALSE
test_bgzf_getline,htslib/test/test_bgzf.c,924,,,FALSE
test_bgzf_getline_on_truncated_file,htslib/test/test_bgzf.c,981,,,FALSE
free_auth_data,htslib/hfile_s3.c,319,,,FALSE
free_authorisation_values,htslib/hfile_s3.c,1163,,,FALSE
cleanup_local,htslib/hfile_s3.c,1276,,,FALSE
cleanup,htslib/hfile_s3.c,1286,,,FALSE
main,htslib/test/test_bgzf.c,1073,,,FALSE
check_offset,htslib/test/hfile.c,51,,,FALSE
slurp,htslib/test/hfile.c,62,,,FALSE
reopen,htslib/test/hfile.c,85,,,FALSE
hfile_mem_get_buffer,htslib/hfile.c,894,,,FALSE
hfile_mem_steal_buffer,htslib/hfile.c,906,,,FALSE
main,htslib/test/hfile.c,97,,,FALSE
bcf_index,htslib/vcf.c,4657,,,FALSE
hts_idx_save,htslib/hts.c,2825,15,mutual,FALSE
hts_idx_save_as,htslib/hts.c,2869,15,mutual,FALSE
tbx_parse1,htslib/tbx.c,96,,,FALSE
get_intv,htslib/tbx.c,315,,,FALSE
tbx_set_meta,htslib/tbx.c,375,,,FALSE
adjust_max_ref_len_vcf,htslib/tbx.c,412,,,FALSE
adjust_max_ref_len_sam,htslib/tbx.c,425,,,FALSE
tbx_index,htslib/tbx.c,437,,,FALSE
bcf_index_build3,htslib/vcf.c,4700,,,FALSE
bcf_index_build,htslib/vcf.c,4749,,,FALSE
cram_index_container,htslib/cram/cram_index.c,727,,,FALSE
cram_index_build,htslib/cram/cram_index.c,779,,,FALSE
sam_index,htslib/sam.c,994,,,FALSE
sam_index_build3,htslib/sam.c,1034,,,FALSE
sam_index_build,htslib/sam.c,1081,,,FALSE
main,htslib/test/test_index.c,42,,,FALSE
check_alleles,htslib/test/test-vcf-api.c,51,,,FALSE
_bcf1_sync_alleles,htslib/vcf.c,5884,,,FALSE
bcf_update_alleles,htslib/vcf.c,5906,,,FALSE
test_update_alleles,htslib/test/test-vcf-api.c,71,,,FALSE
bcf_hdr_add_sample,htslib/vcf.c,276,,,FALSE
bcf_hdr_remove_from_hdict,htslib/vcf.c,1044,,,FALSE
bcf_hdr_remove,htslib/vcf.c,1501,,,FALSE
serialize_float_array,htslib/vcf.c,2944,,,FALSE
bcf_update_format,htslib/vcf.c,5710,,,FALSE
bcf_update_format_string,htslib/vcf.c,5684,,,FALSE
bcf_update_filter,htslib/vcf.c,5824,,,FALSE
bcf_update_alleles_str,htslib/vcf.c,5970,,,FALSE
bcf_update_id,htslib/vcf.c,5988,,,FALSE
write_bcf,htslib/test/test-vcf-api.c,110,,,FALSE
bcf_clear,htslib/vcf.c,1822,,,FALSE
bcf_copy,htslib/vcf.c,2474,,,FALSE
bcf_dup,htslib/vcf.c,2504,,,FALSE
bcf_hdr_dup,htslib/vcf.c,5137,,,FALSE
bcf_to_vcf,htslib/test/test-vcf-api.c,287,,,FALSE
iterator,htslib/test/test-vcf-api.c,406,,,FALSE
bcf_float_is_missing,htslib/htslib/vcf.h,1506,,,FALSE
test_get_info_values,htslib/test/test-vcf-api.c,434,,,FALSE
write_format_values,htslib/test/test-vcf-api.c,491,,,FALSE
bcf_float_is_vector_end,htslib/htslib/vcf.h,1512,,,FALSE
check_format_values,htslib/test/test-vcf-api.c,528,,,FALSE
test_get_format_values,htslib/test/test-vcf-api.c,561,,,FALSE
test_invalid_end_tag,htslib/test/test-vcf-api.c,567,,,FALSE
test_open_format,htslib/test/test-vcf-api.c,630,,,FALSE
test_rlen_values,htslib/test/test-vcf-api.c,664,,,FALSE
test_vl_types,htslib/test/test-vcf-api.c,807,,,FALSE
vcf_parse_format_empty1,htslib/vcf.c,3137,,,FALSE
vcf_parse_format_dict2,htslib/vcf.c,3158,,,FALSE
vcf_parse_format_max3,htslib/vcf.c,3210,,,FALSE
align_mem,htslib/vcf.c,3124,,,FALSE
vcf_parse_format_alloc4,htslib/vcf.c,3297,,,FALSE
vcf_parse_format_fill5,htslib/vcf.c,3375,,,FALSE
vcf_parse_format_gt6,htslib/vcf.c,3619,,,FALSE
vcf_parse_format_check7,htslib/vcf.c,3664,,,FALSE
vcf_parse_format,htslib/vcf.c,3686,,,FALSE
fix_chromosome,htslib/vcf.c,3744,,,FALSE
vcf_parse_filter,htslib/vcf.c,3763,,,FALSE
bcf_enc_long1,htslib/vcf.c,2925,,,FALSE
bcf_enc_vfloat,htslib/vcf.c,2962,,,FALSE
vcf_parse_info,htslib/vcf.c,3818,,,FALSE
vcf_parse,htslib/vcf.c,3987,,,FALSE
read_vcf_line,htslib/test/test-vcf-api.c,909,,,FALSE
chomp,htslib/test/test-vcf-api.c,924,,,FALSE
bcf_fmt_array1,htslib/vcf.c,2979,,,FALSE
bcf_format_gt_v2,htslib/vcf.c,6345,,,FALSE
vcf_format,htslib/vcf.c,4304,,,FALSE
bcf_update_info,htslib/vcf.c,5546,,,FALSE
bcf_float_set,htslib/htslib/vcf.h,1498,,,FALSE
bcf_get_info_values,htslib/vcf.c,6068,,,FALSE
is_special_info_type,htslib/vcfutils.c,254,,,FALSE
get_int32_info_value,htslib/vcfutils.c,280,,,FALSE
get_rn_value,htslib/vcfutils.c,315,,,FALSE
set_info_v1,htslib/vcfutils.c,325,,,FALSE
bcf_enc_inttype,htslib/htslib/vcf.h,1575,,,FALSE
fixup_info_length_code,htslib/vcfutils.c,349,,,FALSE
mark_for_removal,htslib/vcfutils.c,407,,,FALSE
kbs_exists,htslib/htslib/kbitset.h,162,,,FALSE
trim_int_cnv_tr_int_tags,htslib/vcfutils.c,423,,,FALSE
trim_int_cnv_tr_str_tags,htslib/vcfutils.c,498,,,FALSE
fixup_cnv_tr_info_tags,htslib/vcfutils.c,561,,,FALSE
bcf_remove_allele_set,htslib/vcfutils.c,659,,,FALSE
kbs_init2,htslib/htslib/kbitset.h,78,,,FALSE
kbs_init,htslib/htslib/kbitset.h,93,,,FALSE
test_bcf_remove_allele_set,htslib/test/test-vcf-api.c,933,,,FALSE
main,htslib/test/test-vcf-api.c,1047,,,FALSE
readaln,htslib/test/pileup_mod.c,37,,,FALSE
process_pileup,htslib/test/pileup_mod.c,49,,,FALSE
bam_parse_basemod,htslib/sam_mods.c,449,,,FALSE
pileup_cd_create,htslib/test/pileup_mod.c,74,,,FALSE
pileup_cd_destroy,htslib/test/pileup_mod.c,84,,,FALSE
bam_mods_at_qpos,htslib/sam_mods.c,634,,,FALSE
process_mod_pileup1,htslib/test/pileup_mod.c,91,,,FALSE
process_mod_pileup2,htslib/test/pileup_mod.c,140,,,FALSE
mp_init,htslib/sam.c,5369,,,FALSE
mp_alloc,htslib/sam.c,5385,,,FALSE
bam_plp_init,htslib/sam.c,5665,,,FALSE
mp_destroy,htslib/sam.c,5375,,,FALSE
mp_free,htslib/sam.c,5391,,,FALSE
bam_plp_destroy,htslib/sam.c,5687,,,FALSE
bam_plp_constructor,htslib/sam.c,5703,,,FALSE
bam_plp_destructor,htslib/sam.c,5708,,,FALSE
resolve_cigar2,htslib/sam.c,5409,,,FALSE
overlap_remove,htslib/sam.c,5984,,,FALSE
hts_prefetch,htslib/htslib/hts_defs.h,144,,,FALSE
hts_prefetch,htslib/htslib/hts_defs.h,148,,,FALSE
bam_plp64_next,htslib/sam.c,6011,,,FALSE
cigar_iref2iseq_set,htslib/sam.c,5729,,,FALSE
cigar_iref2iseq_next,htslib/sam.c,5768,,,FALSE
__ac_X31_hash_string,htslib/htslib/khash.h,454,,,FALSE
__ac_Wang_hash,htslib/htslib/khash.h,528,,,FALSE
tweak_overlap_quality,htslib/sam.c,5803,,,FALSE
overlap_push,htslib/sam.c,5948,,,FALSE
bam_plp_push,htslib/sam.c,6081,,,FALSE
bam_plp64_auto,htslib/sam.c,6137,,,FALSE
bam_plp_auto,htslib/sam.c,6164,,,FALSE
main,htslib/test/pileup_mod.c,185,,,FALSE
readaln,htslib/test/pileup.c,62,,,FALSE
bam_plp_insertion_mod,htslib/sam.c,5517,,,FALSE
bam_plp_insertion,htslib/sam.c,5633,,,FALSE
print_pileup_seq,htslib/test/pileup.c,76,,,FALSE
print_pileup_qual,htslib/test/pileup.c,122,,,FALSE
test_pileup,htslib/test/pileup.c,135,,,FALSE
bam_mplp_init,htslib/sam.c,6211,,,FALSE
bam_plp_init_overlaps,htslib/sam.c,5681,,,FALSE
bam_mplp_init_overlaps,htslib/sam.c,6232,,,FALSE
bam_mplp_destroy,htslib/sam.c,6247,,,FALSE
bam_mplp64_auto,htslib/sam.c,6256,,,FALSE
bam_mplp_auto,htslib/sam.c,6297,,,FALSE
test_mpileup,htslib/test/pileup.c,177,,,FALSE
main,htslib/test/pileup.c,225,,,FALSE
hts_year_is_leap,htslib/hts_time_funcs.h,63,,,FALSE
hts_leaps_to_year_start,htslib/hts_time_funcs.h,69,,,FALSE
hts_time_normalise,htslib/hts_time_funcs.h,52,,,FALSE
hts_time_normalise_tm,htslib/hts_time_funcs.h,74,,,FALSE
hts_time_gm,htslib/hts_time_funcs.h,137,,,FALSE
test_normalised,htslib/test/test_time_funcs.c,36,,,FALSE
test_specific,htslib/test/test_time_funcs.c,53,,,FALSE
main,htslib/test/test_time_funcs.c,68,,,FALSE
isgraph_,htslib/faidx.c,47,,,FALSE
bgzf_getc_,htslib/faidx.c,58,,,FALSE
fai_name2id,htslib/faidx.c,86,,,FALSE
fai_load_format,htslib/faidx.c,711,,,FALSE
fai_set_cache_size,htslib/faidx.c,1028,,,FALSE
fai_thread_pool,htslib/faidx.c,1033,,,FALSE
hts_idx_locatefn,htslib/hts.c,4920,,,FALSE
fai_path,htslib/faidx.c,1037,,,FALSE
http_status_errno,htslib/hfile_libcurl.c,130,,,FALSE
http_status_errno,htslib/hfile_s3.c,1242,,,FALSE
easy_errno,htslib/hfile_libcurl.c,153,,,FALSE
is_retryable,htslib/hfile_libcurl.c,233,,,FALSE
multi_errno,htslib/hfile_libcurl.c,270,,,FALSE
share_lock,htslib/hfile_libcurl.c,309,,,FALSE
share_unlock,htslib/hfile_libcurl.c,314,,,FALSE
free_auth,htslib/hfile_libcurl.c,318,,,FALSE
libcurl_exit,htslib/hfile_libcurl.c,326,,,FALSE
append_header,htslib/hfile_libcurl.c,353,,,FALSE
free_headers,htslib/hfile_libcurl.c,372,,,FALSE
get_header_list,htslib/hfile_libcurl.c,387,,,FALSE
is_authorization,htslib/hfile_libcurl.c,395,,,FALSE
add_callback_headers,htslib/hfile_libcurl.c,399,,,FALSE
hts_json_alloc_token,htslib/textutils.c,222,,,FALSE
hts_json_token_type,htslib/textutils.c,227,,,FALSE
hts_json_free_token,htslib/textutils.c,232,,,FALSE
hts_json_token_str,htslib/textutils.c,237,,,FALSE
read_auth_json,htslib/hfile_libcurl.c,454,,,FALSE
read_auth_plain,htslib/hfile_libcurl.c,515,,,FALSE
renew_auth_token,htslib/hfile_libcurl.c,543,,,FALSE
add_auth_header,htslib/hfile_libcurl.c,587,,,FALSE
get_auth_token,htslib/hfile_libcurl.c,650,,,FALSE
process_messages,htslib/hfile_libcurl.c,718,,,FALSE
wait_perform,htslib/hfile_libcurl.c,736,,,FALSE
recv_callback,htslib/hfile_libcurl.c,789,,,FALSE
header_callback,htslib/hfile_libcurl.c,807,,,FALSE
refresh_retry_config,htslib/hfile_libcurl.c,821,,,FALSE
retry_sleep,htslib/hfile_libcurl.c,836,,,FALSE
restart_from_position,htslib/hfile_libcurl.c,1134,,,FALSE
retry_reconnect,htslib/hfile_libcurl.c,848,,,FALSE
libcurl_read,htslib/hfile_libcurl.c,876,,,FALSE
send_callback,htslib/hfile_libcurl.c,1006,,,FALSE
libcurl_write,htslib/hfile_libcurl.c,1024,,,FALSE
preserve_buffer_content,htslib/hfile_libcurl.c,1051,,,FALSE
libcurl_seek,htslib/hfile_libcurl.c,1071,,,FALSE
libcurl_close,htslib/hfile_libcurl.c,1266,,,FALSE
libcurl_open,htslib/hfile_libcurl.c,1313,,,FALSE
hopen_libcurl,htslib/hfile_libcurl.c,1549,,,FALSE
parse_va_list,htslib/hfile_libcurl.c,1554,16,self,FALSE
vhopen_libcurl,htslib/hfile_libcurl.c,1664,,,FALSE
PLUGIN_GLOBAL,htslib/hfile_libcurl.c,1679,,,FALSE
plugin_sym,htslib/plugin.c,172,,,FALSE
plugin_func,htslib/plugin.c,179,,,FALSE
hts_decode_percent,htslib/textutils.c,45,,,FALSE
debase64,htslib/textutils.c,63,,,FALSE
hts_base64_decoded_length,htslib/textutils.c,73,,,FALSE
hts_decode_base64,htslib/textutils.c,79,,,FALSE
sscan_string,htslib/textutils.c,125,,,FALSE
hts_json_snext,htslib/textutils.c,242,,,FALSE
snext,htslib/textutils.c,386,,,FALSE
hts_json_sskip_value,htslib/textutils.c,391,,,FALSE
fnext,htslib/textutils.c,397,,,FALSE
stringify_argv,htslib/textutils.c,419,,,FALSE
HTS_FORMAT,htslib/bgzip.c,51,,,FALSE
confirm_overwrite,htslib/bgzip.c,68,,,FALSE
known_extension,htslib/bgzip.c,82,,,FALSE
confirm_filename,htslib/bgzip.c,95,,,FALSE
getfilespec,htslib/bgzip.c,114,,,FALSE
setfilespec,htslib/bgzip.c,134,,,FALSE
check_name_and_extension,htslib/bgzip.c,168,,,FALSE
bgzip_main_usage,htslib/bgzip.c,192,,,FALSE
bgzf_block_write,htslib/bgzf.c,2029,,,FALSE
hts_detect_format,htslib/hts.c,551,,,FALSE
main,htslib/bgzip.c,217,,,FALSE
KHASH_DECLARE,htslib/header.c,44,,,FALSE
sam_hdr_nref,htslib/header.c,1592,,,FALSE
sam_hdr_find_line_id,htslib/header.c,1725,,,FALSE
sam_hdr_find_line_pos,htslib/header.c,1749,,,FALSE
sam_hdr_find_tag_pos,htslib/header.c,2314,,,FALSE
sam_hrecs_dup,htslib/header.c,2801,,,FALSE
sam_hrecs_dump,htslib/header.c,3076,,,FALSE
sam_hrecs_group_order,htslib/header.c,3154,,,FALSE
regidx_nregs,htslib/regidx.c,98,,,FALSE
regidx_seq_names,htslib/regidx.c,105,,,FALSE
parse_regions,htslib/tabix.c,135,,,FALSE
bcf_index_load3,htslib/vcf.c,4695,,,FALSE
query_regions,htslib/tabix.c,206,,,FALSE
query_chroms,htslib/tabix.c,396,,,FALSE
bgzf_raw_read,htslib/bgzf.c,1310,,,FALSE
bgzf_raw_write,htslib/bgzf.c,2063,,,FALSE
reheader_file,htslib/tabix.c,437,,,FALSE
tbx_index_build3,htslib/tbx.c,526,,,FALSE
main,htslib/tabix.c,614,,,FALSE
kf_lgamma,htslib/kfunc.c,39,,,FALSE
kf_erfc,htslib/kfunc.c,58,,,FALSE
_kf_gammap,htslib/kfunc.c,103,,,FALSE
_kf_gammaq,htslib/kfunc.c,114,,,FALSE
kf_gammap,htslib/kfunc.c,135,,,FALSE
kf_gammaq,htslib/kfunc.c,140,,,FALSE
kf_betai_aux,htslib/kfunc.c,152,,,FALSE
kf_betai,htslib/kfunc.c,176,,,FALSE
main,htslib/kfunc.c,183,,,FALSE
errmod_t,htslib/errmod.c,34,,,FALSE
logbinomial_table,htslib/errmod.c,51,,,FALSE
cal_coef,htslib/errmod.c,66,,,FALSE
errmod_init,htslib/errmod.c,117,,,FALSE
errmod_destroy,htslib/errmod.c,130,,,FALSE
errmod_cal,htslib/errmod.c,143,,,FALSE
regidx_seq_nregs,htslib/regidx.c,91,,,FALSE
regidx_insert_list,htslib/regidx.c,111,,,FALSE
cmp_reg_ptrs,htslib/regidx.c,142,,,FALSE
cmp_reg_ptrs2,htslib/regidx.c,146,,,FALSE
regidx_init_string,htslib/regidx.c,209,,,FALSE
regidx_parse_bed,htslib/regidx.c,466,,,FALSE
regidx_parse_vcf,htslib/regidx.c,538,,,FALSE
regitr_reset,htslib/regidx.c,599,,,FALSE
regitr_copy,htslib/regidx.c,681,,,FALSE
cram_not_enough_bits,htslib/cram/cram_codecs.h,230,,,FALSE
itf8_decode,htslib/cram/cram_io.c,138,,,FALSE
itf8_decode_crc,htslib/cram/cram_io.c,196,,,FALSE
ltf8_put,htslib/cram/cram_io.c,309,,,FALSE
itf8_encode,htslib/cram/cram_io.c,382,,,FALSE
ltf8_decode,htslib/cram/cram_io.c,420,,,FALSE
ltf8_decode_crc,htslib/cram/cram_io.c,501,,,FALSE
ltf8_put_blk,htslib/cram/cram_io.c,632,,,FALSE
safe_itf8_get,htslib/cram/cram_io.c,644,,,FALSE
safe_ltf8_get,htslib/cram/cram_io.c,673,,,FALSE
safe_itf8_put,htslib/cram/cram_io.c,747,,,FALSE
safe_ltf8_put,htslib/cram/cram_io.c,751,,,FALSE
itf8_size,htslib/cram/cram_io.c,755,,,FALSE
uint7_size,htslib/cram/cram_io.c,768,,,FALSE
uint7_get_32,htslib/cram/cram_io.c,772,,,FALSE
sint7_get_32,htslib/cram/cram_io.c,780,,,FALSE
uint7_get_64,htslib/cram/cram_io.c,788,,,FALSE
sint7_get_64,htslib/cram/cram_io.c,796,,,FALSE
uint7_put_32,htslib/cram/cram_io.c,804,,,FALSE
sint7_put_32,htslib/cram/cram_io.c,808,,,FALSE
uint7_put_64,htslib/cram/cram_io.c,812,,,FALSE
sint7_put_64,htslib/cram/cram_io.c,816,,,FALSE
uint7_put_blk_32,htslib/cram/cram_io.c,821,,,FALSE
sint7_put_blk_32,htslib/cram/cram_io.c,831,,,FALSE
uint7_put_blk_64,htslib/cram/cram_io.c,841,,,FALSE
sint7_put_blk_64,htslib/cram/cram_io.c,851,,,FALSE
uint7_decode_crc32,htslib/cram/cram_io.c,862,,,FALSE
sint7_decode_crc32,htslib/cram/cram_io.c,907,,,FALSE
uint7_decode_crc64,htslib/cram/cram_io.c,953,,,FALSE
cram_block_size,htslib/cram/cram_io.c,1490,,,FALSE
cram_set_header,htslib/cram/cram_io.c,2866,,,FALSE
cram_container_size,htslib/cram/cram_io.c,3945,,,FALSE
cram_store_container,htslib/cram/cram_io.c,3958,,,FALSE
cram_flush_thread,htslib/cram/cram_io.c,4154,,,FALSE
cram_open,htslib/cram/cram_io.c,5262,,,FALSE
cram_flush,htslib/cram/cram_io.c,5444,,,FALSE
cram_check_EOF,htslib/cram/cram_io.c,5958,,,FALSE
dump_index_,htslib/cram/cram_index.c,72,17,self,FALSE
dump_index,htslib/cram/cram_index.c,81,,,FALSE
cram_index_last,htslib/cram/cram_index.c,503,,,FALSE
cram_index_query_last,htslib/cram/cram_index.c,531,,,FALSE
cram_num_containers_between_,htslib/cram/cram_index.c,851,18,self,FALSE
cram_num_containers_between,htslib/cram/cram_index.c,889,,,FALSE
cram_num_containers,htslib/cram/cram_index.c,915,,,FALSE
cram_container_num2offset_,htslib/cram/cram_index.c,924,19,self,FALSE
cram_container_num2offset,htslib/cram/cram_index.c,948,,,FALSE
cram_container_offset2num_,htslib/cram/cram_index.c,970,20,self,FALSE
cram_container_offset2num,htslib/cram/cram_index.c,994,,,FALSE
cram_index_extents,htslib/cram/cram_index.c,1021,,,FALSE
nbits,htslib/cram/cram_decode.c,1051,,,FALSE
sort_freqs,htslib/cram/cram_decode.c,1069,,,FALSE
cram_decode_slice_thread,htslib/cram/cram_decode.c,3036,,,FALSE
mstdin,htslib/cram/mFILE.c,151,,,FALSE
init_mstdin,htslib/cram/mFILE.c,161,,,FALSE
mstdout,htslib/cram/mFILE.c,176,,,FALSE
mstderr,htslib/cram/mFILE.c,192,,,FALSE
mfrecreate,htslib/cram/mFILE.c,225,,,FALSE
mfcreate_from,htslib/cram/mFILE.c,246,,,FALSE
mfseek,htslib/cram/mFILE.c,451,,,FALSE
mftell,htslib/cram/mFILE.c,471,,,FALSE
mftruncate,htslib/cram/mFILE.c,488,,,FALSE
mfeof,htslib/cram/mFILE.c,494,,,FALSE
mfread,htslib/cram/mFILE.c,502,,,FALSE
mfgetc,htslib/cram/mFILE.c,557,,,FALSE
mungetc,htslib/cram/mFILE.c,567,,,FALSE
mfgets,htslib/cram/mFILE.c,577,,,FALSE
mfascii,htslib/cram/mFILE.c,656,,,FALSE
main,htslib/cram/pooled_alloc.c,167,,,FALSE
block_resize_exact,htslib/cram/cram_io.h,216,,,FALSE
block_resize,htslib/cram/cram_io.h,226,,,FALSE
block_grow,htslib/cram/cram_io.h,243,,,FALSE
block_append,htslib/cram/cram_io.h,248,,,FALSE
block_append_char,htslib/cram/cram_io.h,261,,,FALSE
block_append_uint,htslib/cram/cram_io.h,271,,,FALSE
get_bit_MSB,htslib/cram/cram_codecs.c,73,,,FALSE
get_one_bits_MSB,htslib/cram/cram_codecs.c,95,,,FALSE
get_zero_bits_MSB,htslib/cram/cram_codecs.c,113,,,FALSE
store_bit_MSB,htslib/cram/cram_codecs.c,133,,,FALSE
store_bytes_MSB,htslib/cram/cram_codecs.c,152,,,FALSE
get_bits_MSB,htslib/cram/cram_codecs.c,169,,,FALSE
store_bits_MSB,htslib/cram/cram_codecs.c,259,,,FALSE
cram_extract_block,htslib/cram/cram_codecs.c,319,,,FALSE
cram_external_decode_int,htslib/cram/cram_codecs.c,350,,,FALSE
cram_external_decode_long,htslib/cram/cram_codecs.c,370,,,FALSE
cram_external_decode_char,htslib/cram/cram_codecs.c,390,,,FALSE
cram_external_decode_block,htslib/cram/cram_codecs.c,410,,,FALSE
cram_external_decode_free,htslib/cram/cram_codecs.c,433,,,FALSE
cram_external_decode_size,htslib/cram/cram_codecs.c,439,,,FALSE
cram_external_get_block,htslib/cram/cram_codecs.c,450,,,FALSE
cram_external_describe,htslib/cram/cram_codecs.c,454,,,FALSE
cram_external_decode_init,htslib/cram/cram_codecs.c,459,,,FALSE
cram_external_encode_int,htslib/cram/cram_codecs.c,523,,,FALSE
cram_external_encode_sint,htslib/cram/cram_codecs.c,529,,,FALSE
cram_external_encode_long,htslib/cram/cram_codecs.c,535,,,FALSE
cram_external_encode_slong,htslib/cram/cram_codecs.c,541,,,FALSE
cram_external_encode_char,htslib/cram/cram_codecs.c,547,,,FALSE
cram_external_encode_free,htslib/cram/cram_codecs.c,556,,,FALSE
cram_external_encode_store,htslib/cram/cram_codecs.c,562,,,FALSE
cram_external_encode_init,htslib/cram/cram_codecs.c,586,,,FALSE
cram_varint_decode_int,htslib/cram/cram_codecs.c,644,,,FALSE
cram_varint_decode_sint,htslib/cram/cram_codecs.c,666,,,FALSE
cram_varint_decode_long,htslib/cram/cram_codecs.c,688,,,FALSE
cram_varint_decode_slong,htslib/cram/cram_codecs.c,710,,,FALSE
cram_varint_decode_free,htslib/cram/cram_codecs.c,732,,,FALSE
cram_varint_decode_size,htslib/cram/cram_codecs.c,737,,,FALSE
cram_varint_get_block,htslib/cram/cram_codecs.c,748,,,FALSE
cram_varint_describe,htslib/cram/cram_codecs.c,752,,,FALSE
cram_varint_decode_init,htslib/cram/cram_codecs.c,760,,,FALSE
cram_varint_encode_int,htslib/cram/cram_codecs.c,820,,,FALSE
cram_varint_encode_sint,htslib/cram/cram_codecs.c,827,,,FALSE
cram_varint_encode_long,htslib/cram/cram_codecs.c,834,,,FALSE
cram_varint_encode_slong,htslib/cram/cram_codecs.c,841,,,FALSE
cram_varint_encode_free,htslib/cram/cram_codecs.c,848,,,FALSE
cram_varint_encode_store,htslib/cram/cram_codecs.c,854,,,FALSE
cram_varint_encode_init,htslib/cram/cram_codecs.c,878,,,FALSE
cram_const_decode_byte,htslib/cram/cram_codecs.c,932,,,FALSE
cram_const_decode_int,htslib/cram/cram_codecs.c,945,,,FALSE
cram_const_decode_long,htslib/cram/cram_codecs.c,956,,,FALSE
cram_const_decode_free,htslib/cram/cram_codecs.c,967,,,FALSE
cram_const_decode_size,htslib/cram/cram_codecs.c,972,,,FALSE
cram_const_describe,htslib/cram/cram_codecs.c,976,,,FALSE
cram_const_decode_init,htslib/cram/cram_codecs.c,981,,,FALSE
cram_const_encode,htslib/cram/cram_codecs.c,1020,,,FALSE
cram_const_encode_store,htslib/cram/cram_codecs.c,1025,,,FALSE
cram_const_encode_init,htslib/cram/cram_codecs.c,1048,,,FALSE
cram_beta_decode_long,htslib/cram/cram_codecs.c,1072,,,FALSE
cram_beta_decode_int,htslib/cram/cram_codecs.c,1090,,,FALSE
cram_beta_decode_char,htslib/cram/cram_codecs.c,1108,,,FALSE
cram_beta_decode_free,htslib/cram/cram_codecs.c,1131,,,FALSE
cram_beta_describe,htslib/cram/cram_codecs.c,1136,,,FALSE
cram_beta_decode_init,htslib/cram/cram_codecs.c,1142,,,FALSE
cram_beta_encode_store,htslib/cram/cram_codecs.c,1183,,,FALSE
cram_beta_encode_long,htslib/cram/cram_codecs.c,1207,,,FALSE
cram_beta_encode_int,htslib/cram/cram_codecs.c,1219,,,FALSE
cram_beta_encode_char,htslib/cram/cram_codecs.c,1231,,,FALSE
cram_beta_encode_free,htslib/cram/cram_codecs.c,1243,,,FALSE
cram_beta_encode_init,htslib/cram/cram_codecs.c,1247,,,FALSE
cram_xpack_decode_long,htslib/cram/cram_codecs.c,1344,,,FALSE
cram_xpack_decode_int,htslib/cram/cram_codecs.c,1359,,,FALSE
cram_xpack_decode_expand_char,htslib/cram/cram_codecs.c,1377,,,FALSE
cram_xpack_decode_char,htslib/cram/cram_codecs.c,1408,,,FALSE
cram_xpack_decode_free,htslib/cram/cram_codecs.c,1431,,,FALSE
cram_xpack_decode_size,htslib/cram/cram_codecs.c,1443,,,FALSE
cram_xpack_get_block,htslib/cram/cram_codecs.c,1448,,,FALSE
cram_xpack_decode_init,htslib/cram/cram_codecs.c,1453,,,FALSE
cram_xpack_encode_flush,htslib/cram/cram_codecs.c,1515,,,FALSE
cram_xpack_encode_store,htslib/cram/cram_codecs.c,1537,,,FALSE
cram_xpack_encode_long,htslib/cram/cram_codecs.c,1581,,,FALSE
cram_xpack_encode_int,htslib/cram/cram_codecs.c,1592,,,FALSE
cram_xpack_encode_char,htslib/cram/cram_codecs.c,1603,,,FALSE
cram_xpack_encode_free,htslib/cram/cram_codecs.c,1612,,,FALSE
cram_xpack_encode_init,htslib/cram/cram_codecs.c,1623,,,FALSE
zigzag8,htslib/cram/cram_codecs.c,1676,,,FALSE
zigzag16,htslib/cram/cram_codecs.c,1677,,,FALSE
zigzag32,htslib/cram/cram_codecs.c,1678,,,FALSE
unzigzag16,htslib/cram/cram_codecs.c,1681,,,FALSE
unzigzag32,htslib/cram/cram_codecs.c,1682,,,FALSE
cram_xdelta_decode_long,htslib/cram/cram_codecs.c,1684,,,FALSE
cram_xdelta_decode_int,htslib/cram/cram_codecs.c,1688,,,FALSE
cram_xdelta_decode_expand_char,htslib/cram/cram_codecs.c,1705,,,FALSE
cram_xdelta_decode_char,htslib/cram/cram_codecs.c,1709,,,FALSE
le_int2,htslib/cram/cram_codecs.c,1713,,,FALSE
le_int2,htslib/cram/os.h,158,,,FALSE
cram_xdelta_decode_block,htslib/cram/cram_codecs.c,1719,,,FALSE
cram_xdelta_decode_free,htslib/cram/cram_codecs.c,1762,,,FALSE
cram_xdelta_decode_size,htslib/cram/cram_codecs.c,1771,,,FALSE
cram_xdelta_get_block,htslib/cram/cram_codecs.c,1776,,,FALSE
cram_xdelta_decode_init,htslib/cram/cram_codecs.c,1781,,,FALSE
cram_xdelta_encode_flush,htslib/cram/cram_codecs.c,1835,,,FALSE
cram_xdelta_encode_store,htslib/cram/cram_codecs.c,1930,,,FALSE
cram_xdelta_encode_long,htslib/cram/cram_codecs.c,1966,,,FALSE
cram_xdelta_encode_int,htslib/cram/cram_codecs.c,1971,,,FALSE
cram_xdelta_encode_char,htslib/cram/cram_codecs.c,1976,,,FALSE
cram_xdelta_encode_free,htslib/cram/cram_codecs.c,2011,,,FALSE
cram_xdelta_encode_init,htslib/cram/cram_codecs.c,2022,,,FALSE
cram_xrle_decode_long,htslib/cram/cram_codecs.c,2063,,,FALSE
cram_xrle_decode_int,htslib/cram/cram_codecs.c,2068,,,FALSE
cram_xrle_decode_expand_char,htslib/cram/cram_codecs.c,2074,,,FALSE
cram_xrle_decode_size,htslib/cram/cram_codecs.c,2115,,,FALSE
cram_xrle_get_block,htslib/cram/cram_codecs.c,2120,,,FALSE
cram_xrle_decode_char,htslib/cram/cram_codecs.c,2125,,,FALSE
cram_xrle_decode_free,htslib/cram/cram_codecs.c,2172,,,FALSE
cram_xrle_decode_init,htslib/cram/cram_codecs.c,2184,,,FALSE
cram_xrle_encode_flush,htslib/cram/cram_codecs.c,2257,,,FALSE
cram_xrle_encode_store,htslib/cram/cram_codecs.c,2303,,,FALSE
cram_xrle_encode_long,htslib/cram/cram_codecs.c,2359,,,FALSE
cram_xrle_encode_int,htslib/cram/cram_codecs.c,2365,,,FALSE
cram_xrle_encode_char,htslib/cram/cram_codecs.c,2371,,,FALSE
cram_xrle_encode_free,htslib/cram/cram_codecs.c,2396,,,FALSE
cram_xrle_encode_init,htslib/cram/cram_codecs.c,2409,,,FALSE
cram_subexp_decode,htslib/cram/cram_codecs.c,2452,,,FALSE
cram_subexp_decode_free,htslib/cram/cram_codecs.c,2496,,,FALSE
cram_subexp_describe,htslib/cram/cram_codecs.c,2501,,,FALSE
cram_subexp_decode_init,htslib/cram/cram_codecs.c,2508,,,FALSE
cram_gamma_decode,htslib/cram/cram_codecs.c,2546,,,FALSE
cram_gamma_decode_free,htslib/cram/cram_codecs.c,2570,,,FALSE
cram_gamma_describe,htslib/cram/cram_codecs.c,2575,,,FALSE
cram_gamma_decode_init,htslib/cram/cram_codecs.c,2580,,,FALSE
code_sort,htslib/cram/cram_codecs.c,2622,,,FALSE
cram_huffman_decode_free,htslib/cram/cram_codecs.c,2632,,,FALSE
cram_huffman_decode_null,htslib/cram/cram_codecs.c,2641,,,FALSE
cram_huffman_decode_char0,htslib/cram/cram_codecs.c,2646,,,FALSE
cram_huffman_decode_char,htslib/cram/cram_codecs.c,2660,,,FALSE
cram_huffman_decode_int0,htslib/cram/cram_codecs.c,2695,,,FALSE
cram_huffman_decode_int,htslib/cram/cram_codecs.c,2708,,,FALSE
cram_huffman_decode_long0,htslib/cram/cram_codecs.c,2745,,,FALSE
cram_huffman_decode_long,htslib/cram/cram_codecs.c,2758,,,FALSE
cram_huffman_describe,htslib/cram/cram_codecs.c,2795,,,FALSE
cram_huffman_decode_init,htslib/cram/cram_codecs.c,2814,,,FALSE
cram_huffman_encode_char0,htslib/cram/cram_codecs.c,2989,,,FALSE
cram_huffman_encode_char,htslib/cram/cram_codecs.c,2994,,,FALSE
cram_huffman_encode_int0,htslib/cram/cram_codecs.c,3025,,,FALSE
cram_huffman_encode_int,htslib/cram/cram_codecs.c,3030,,,FALSE
cram_huffman_encode_long0,htslib/cram/cram_codecs.c,3062,,,FALSE
cram_huffman_encode_long,htslib/cram/cram_codecs.c,3067,,,FALSE
cram_huffman_encode_free,htslib/cram/cram_codecs.c,3099,,,FALSE
cram_huffman_encode_store,htslib/cram/cram_codecs.c,3112,,,FALSE
cram_huffman_encode_init,htslib/cram/cram_codecs.c,3176,,,FALSE
cram_byte_array_len_decode,htslib/cram/cram_codecs.c,3371,,,FALSE
cram_byte_array_len_decode_free,htslib/cram/cram_codecs.c,3400,,,FALSE
cram_byte_array_len_describe,htslib/cram/cram_codecs.c,3412,,,FALSE
cram_byte_array_len_decode_init,htslib/cram/cram_codecs.c,3428,,,FALSE
cram_byte_array_len_encode,htslib/cram/cram_codecs.c,3479,,,FALSE
cram_byte_array_len_encode_free,htslib/cram/cram_codecs.c,3493,,,FALSE
cram_byte_array_len_encode_store,htslib/cram/cram_codecs.c,3506,,,FALSE
cram_byte_array_len_encode_init,htslib/cram/cram_codecs.c,3547,,,FALSE
cram_byte_array_stop_decode_char,htslib/cram/cram_codecs.c,3586,,,FALSE
cram_byte_array_stop_decode_block,htslib/cram/cram_codecs.c,3626,,,FALSE
cram_byte_array_stop_decode_free,htslib/cram/cram_codecs.c,3669,,,FALSE
cram_byte_array_stop_describe,htslib/cram/cram_codecs.c,3675,,,FALSE
cram_byte_array_stop_decode_init,htslib/cram/cram_codecs.c,3682,,,FALSE
cram_byte_array_stop_encode,htslib/cram/cram_codecs.c,3733,,,FALSE
cram_byte_array_stop_encode_free,htslib/cram/cram_codecs.c,3743,,,FALSE
cram_byte_array_stop_encode_store,htslib/cram/cram_codecs.c,3749,,,FALSE
cram_byte_array_stop_encode_init,htslib/cram/cram_codecs.c,3785,,,FALSE
cram_codec_decoder2encoder,htslib/cram/cram_codecs.c,4031,21,self,FALSE
cram_codec_describe,htslib/cram/cram_codecs.c,4185,,,FALSE
cram_fd_get_header,htslib/cram/cram_external.c,58,,,FALSE
cram_fd_set_header,htslib/cram/cram_external.c,59,,,FALSE
cram_fd_get_version,htslib/cram/cram_external.c,61,,,FALSE
cram_fd_set_version,htslib/cram/cram_external.c,62,,,FALSE
cram_major_vers,htslib/cram/cram_external.c,64,,,FALSE
cram_minor_vers,htslib/cram/cram_external.c,65,,,FALSE
cram_fd_get_fp,htslib/cram/cram_external.c,67,,,FALSE
cram_fd_set_fp,htslib/cram/cram_external.c,68,,,FALSE
cram_container_get_length,htslib/cram/cram_external.c,75,,,FALSE
cram_container_set_length,htslib/cram/cram_external.c,79,,,FALSE
cram_container_get_num_blocks,htslib/cram/cram_external.c,84,,,FALSE
cram_container_set_num_blocks,htslib/cram/cram_external.c,88,,,FALSE
cram_container_get_num_records,htslib/cram/cram_external.c,92,,,FALSE
cram_container_get_num_bases,htslib/cram/cram_external.c,96,,,FALSE
cram_container_get_landmarks,htslib/cram/cram_external.c,104,,,FALSE
cram_container_set_landmarks,htslib/cram/cram_external.c,112,,,FALSE
cram_container_is_empty,htslib/cram/cram_external.c,120,,,FALSE
cram_container_get_coords,htslib/cram/cram_external.c,124,,,FALSE
cram_block_compression_hdr_set_DS,htslib/cram/cram_external.c,152,,,FALSE
cram_block_compression_hdr_set_rg,htslib/cram/cram_external.c,177,,,FALSE
cram_block_compression_hdr_decoder2encoder,htslib/cram/cram_external.c,189,,,FALSE
cram_codec_iter_init,htslib/cram/cram_external.c,215,,,FALSE
cram_ds_to_key,htslib/cram/cram_external.c,224,,,FALSE
cram_codec_iter_next,htslib/cram/cram_external.c,264,,,FALSE
cram_cid2ds_free,htslib/cram/cram_external.c,320,,,FALSE
cram_codec_get_content_ids,htslib/cram/cram_external.c,665,,,FALSE
cram_update_cid2ds_map,htslib/cram/cram_external.c,342,,,FALSE
cram_cid2ds_query,htslib/cram/cram_external.c,443,,,FALSE
cram_describe_encodings,htslib/cram/cram_external.c,476,,,FALSE
cram_slice_hdr_get_num_blocks,htslib/cram/cram_external.c,500,,,FALSE
cram_slice_hdr_get_embed_ref_id,htslib/cram/cram_external.c,504,,,FALSE
cram_slice_hdr_get_coords,htslib/cram/cram_external.c,508,,,FALSE
cram_block_get_content_id,htslib/cram/cram_external.c,522,,,FALSE
cram_block_get_comp_size,htslib/cram/cram_external.c,525,,,FALSE
cram_block_get_uncomp_size,htslib/cram/cram_external.c,526,,,FALSE
cram_block_get_crc32,htslib/cram/cram_external.c,527,,,FALSE
cram_block_get_data,htslib/cram/cram_external.c,528,,,FALSE
cram_block_get_size,htslib/cram/cram_external.c,529,,,FALSE
cram_block_get_method,htslib/cram/cram_external.c,530,,,FALSE
cram_block_get_content_type,htslib/cram/cram_external.c,533,,,FALSE
cram_block_set_content_id,htslib/cram/cram_external.c,537,,,FALSE
cram_block_set_comp_size,htslib/cram/cram_external.c,538,,,FALSE
cram_block_set_uncomp_size,htslib/cram/cram_external.c,539,,,FALSE
cram_block_set_crc32,htslib/cram/cram_external.c,540,,,FALSE
cram_block_set_data,htslib/cram/cram_external.c,541,,,FALSE
cram_block_set_size,htslib/cram/cram_external.c,542,,,FALSE
cram_block_append,htslib/cram/cram_external.c,544,,,FALSE
cram_block_update_size,htslib/cram/cram_external.c,551,,,FALSE
cram_block_get_offset,htslib/cram/cram_external.c,554,,,FALSE
cram_block_set_offset,htslib/cram/cram_external.c,555,,,FALSE
cram_expand_method,htslib/cram/cram_external.c,568,,,FALSE
cram_copy_slice,htslib/cram/cram_external.c,683,,,FALSE
cram_skip_container,htslib/cram/cram_external.c,725,,,FALSE
cram_filter_container,htslib/cram/cram_external.c,776,,,FALSE
cram_transcode_rg,htslib/cram/cram_external.c,934,,,FALSE
cram_get_refs,htslib/cram/cram_external.c,1029,,,FALSE
compare_hts_pair_pos_t,htslib/region.c,41,,,FALSE
reg_print,htslib/region.c,57,,,FALSE
bcf_sr_set_threads,htslib/synced_bcf_reader.c,227,,,FALSE
bcf_sr_sort_remove_reader,htslib/bcf_sr_sort.c,662,,,FALSE
bcf_sr_remove_reader,htslib/synced_bcf_reader.c,501,,,FALSE
debug_buffer,htslib/synced_bcf_reader.c,518,,,FALSE
debug_buffers,htslib/synced_bcf_reader.c,531,,,FALSE
bcf_sr_sort_reset,htslib/bcf_sr_sort.c,681,,,FALSE
bcf_sr_seek,htslib/synced_bcf_reader.c,908,,,FALSE
khash_str2int_has_key,htslib/htslib/khash_str2int.h,66,,,FALSE
bcf_sr_set_samples,htslib/synced_bcf_reader.c,937,,,FALSE
regions_cmp,htslib/synced_bcf_reader.c,1060,,,FALSE
s3_sign,htslib/hfile_s3.c,114,,,FALSE
s3_sha256,htslib/hfile_s3.c,122,,,FALSE
s3_sign_sha256,htslib/hfile_s3.c,127,,,FALSE
s3_sign,htslib/hfile_s3.c,142,,,FALSE
s3_sha256,htslib/hfile_s3.c,152,,,FALSE
s3_sign_sha256,htslib/hfile_s3.c,157,,,FALSE
urldecode_kput,htslib/hfile_s3.c,165,,,FALSE
base64_kput,htslib/hfile_s3.c,181,,,FALSE
is_dns_compliant,htslib/hfile_s3.c,206,,,FALSE
expand_tilde_open,htslib/hfile_s3.c,231,,,FALSE
kfgetline,htslib/kstring.c,299,,,FALSE
parse_ini,htslib/hfile_s3.c,252,,,FALSE
parse_simple,htslib/hfile_s3.c,294,,,FALSE
parse_rfc3339_date,htslib/hfile_s3.c,333,,,FALSE
refresh_auth_data,htslib/hfile_s3.c,378,,,FALSE
escape_query,htslib/hfile_s3.c,396,,,FALSE
escape_path,htslib/hfile_s3.c,424,,,FALSE
ispunct_c,htslib/textutils_internal.h,175,,,FALSE
redirect_endpoint,htslib/hfile_s3.c,488,,,FALSE
setup_auth_data,htslib/hfile_s3.c,545,,,FALSE
v2_authorisation,htslib/hfile_s3.c,774,,,FALSE
hash_string,htslib/hfile_s3.c,836,,,FALSE
make_signature,htslib/hfile_s3.c,848,,,FALSE
make_authorisation,htslib/hfile_s3.c,884,,,FALSE
update_time,htslib/hfile_s3.c,968,,,FALSE
query_cmp,htslib/hfile_s3.c,999,,,FALSE
ksplit_core,htslib/kstring.c,224,,,FALSE
ksplit,htslib/htslib/kstring.h,453,,,FALSE
order_query_string,htslib/hfile_s3.c,1009,,,FALSE
v4_authorisation,htslib/hfile_s3.c,1055,,,FALSE
set_region,htslib/hfile_s3.c,1112,,,FALSE
share_lock,htslib/hfile_s3.c,1133,,,FALSE
share_unlock,htslib/hfile_s3.c,1138,,,FALSE
initialise_authorisation_values,htslib/hfile_s3.c,1143,,,FALSE
clear_authorisation_values,htslib/hfile_s3.c,1153,,,FALSE
stristr,htslib/hfile_s3.c,1176,,,FALSE
get_entry,htslib/hfile_s3.c,1198,,,FALSE
report_s3_error,htslib/hfile_s3.c,1218,,,FALSE
initialise_local,htslib/hfile_s3.c,1268,,,FALSE
response_callback,htslib/hfile_s3.c,1292,,,FALSE
add_header,htslib/hfile_s3.c,1304,,,FALSE
set_html_headers,htslib/hfile_s3.c,1318,,,FALSE
abort_upload,htslib/hfile_s3.c,1417,,,FALSE
complete_upload,htslib/hfile_s3.c,1479,,,FALSE
upload_callback,htslib/hfile_s3.c,1545,,,FALSE
upload_part,htslib/hfile_s3.c,1563,,,FALSE
s3_write,htslib/hfile_s3.c,1625,,,FALSE
s3_write_close,htslib/hfile_s3.c,1682,,,FALSE
handle_bad_request,htslib/hfile_s3.c,1762,,,FALSE
initialise_upload,htslib/hfile_s3.c,1779,,,FALSE
get_upload_id,htslib/hfile_s3.c,1837,,,FALSE
recv_callback,htslib/hfile_s3.c,1854,,,FALSE
s3_read_close,htslib/hfile_s3.c,1869,,,FALSE
get_part,htslib/hfile_s3.c,1878,,,FALSE
s3_read,htslib/hfile_s3.c,1949,,,FALSE
s3_seek,htslib/hfile_s3.c,2015,,,FALSE
initialise_download,htslib/hfile_s3.c,2074,,,FALSE
s3_close,htslib/hfile_s3.c,2083,,,FALSE
s3_write_open,htslib/hfile_s3.c,2102,,,FALSE
s3_read_open,htslib/hfile_s3.c,2230,,,FALSE
s3_open_v4,htslib/hfile_s3.c,2348,,,FALSE
s3_open_v2,htslib/hfile_s3.c,2374,,,FALSE
hopen_s3,htslib/hfile_s3.c,2400,,,FALSE
vhopen_s3,htslib/hfile_s3.c,2414,,,FALSE
s3_exit,htslib/hfile_s3.c,2426,,,FALSE
PLUGIN_GLOBAL,htslib/hfile_s3.c,2436,,,FALSE
cmpstringp,htslib/bcf_sr_sort.c,258,,,FALSE
xstreq,htslib/vcf.c,63,,,FALSE
bcf_hdr_decr_ref,htslib/vcf.c,202,,,FALSE
hdr_bgzf_private_data_cleanup,htslib/vcf.c,212,,,FALSE
find_chrom_header_line,htslib/vcf.c,218,,,FALSE
bcf_hrec_dup,htslib/vcf.c,368,,,FALSE
bcf_hrec_debug,htslib/vcf.c,413,,,FALSE
bcf_header_debug,htslib/vcf.c,422,,,FALSE
bcf_hdr_update_hrec,htslib/vcf.c,1085,,,FALSE
bcf_hdr_printf,htslib/vcf.c,1566,,,FALSE
bcf_hdr_set_version,htslib/vcf.c,1607,,,FALSE
bcf_empty,htslib/vcf.c,1854,,,FALSE
bcf_readrec,htslib/vcf.c,2267,,,FALSE
hts_readlines,htslib/hts.c,2130,,,FALSE
bcf_hdr_set,htslib/vcf.c,2680,,,FALSE
bcf_hrec_format,htslib/vcf.c,2735,,,FALSE
bcf_hdr_fmt_text,htslib/vcf.c,2758,,,FALSE
vcf_write_line,htslib/vcf.c,4576,,,FALSE
bcf_index_build2,htslib/vcf.c,4744,,,FALSE
bcf_hdr_name2id_wrapper,htslib/vcf.c,4827,,,FALSE
bcf_itr_querys1,htslib/vcf.c,4831,,,FALSE
bcf_hdr_combine,htslib/vcf.c,4842,,,FALSE
bcf_hdr_merge,htslib/vcf.c,4918,,,FALSE
bcf_translate,htslib/vcf.c,5020,,,TRUE
bcf_hdr_subset,htslib/vcf.c,5157,,,FALSE
bcf_hdr_set_samples,htslib/vcf.c,5220,,,FALSE
bcf_subset,htslib/vcf.c,5328,,,FALSE
bcf_is_snp,htslib/vcf.c,5355,,,FALSE
bcf_get_variant_type,htslib/vcf.c,5485,,,FALSE
bcf_has_variant_type,htslib/vcf.c,5501,,,FALSE
bcf_variant_length,htslib/vcf.c,5513,,,FALSE
bcf_has_variant_types,htslib/vcf.c,5522,,,FALSE
bcf_add_filter,htslib/vcf.c,5837,,,FALSE
bcf_remove_filter,htslib/vcf.c,5855,,,FALSE
bcf_has_filter,htslib/vcf.c,5869,,,FALSE
bcf_add_id,htslib/vcf.c,6002,,,FALSE
bcf_get_format_string,htslib/vcf.c,6152,,,FALSE
bcf_get_format_values,htslib/vcf.c,6191,,,FALSE
multipart_read,htslib/multipart.c,73,,,FALSE
multipart_write,htslib/multipart.c,114,,,FALSE
multipart_seek,htslib/multipart.c,120,,,FALSE
multipart_close,htslib/multipart.c,126,,,FALSE
isgraph_c,htslib/textutils_internal.h,172,,,FALSE
sam_cap_mapq,htslib/realn.c,39,,,FALSE
hts_filter_eval,htslib/hts_expr.c,903,,,FALSE
bgzf_idx_flush,htslib/bgzf.c,228,,,FALSE
hts_crc32,htslib/bgzf.c,557,,,FALSE
hts_crc32,htslib/bgzf.c,620,,,FALSE
bgzf_encode_func,htslib/bgzf.c,1330,,,FALSE
bgzf_encode_level0_func,htslib/bgzf.c,1345,,,FALSE
bgzf_decode_func,htslib/bgzf.c,1373,,,FALSE
bgzf_nul_func,htslib/bgzf.c,1390,,,FALSE
bgzf_mt_writer,htslib/bgzf.c,1398,,,FALSE
bgzf_mt_read_block,htslib/bgzf.c,1485,,,FALSE
bgzf_mt_eof,htslib/bgzf.c,1566,,,FALSE
bgzf_mt_seek,htslib/bgzf.c,1583,,,FALSE
hts_tpool_process_ref_decr,htslib/thread_pool.c,274,,,FALSE
bgzf_mt_reader,htslib/bgzf.c,1598,,,FALSE
bgzf_is_bgzf,htslib/bgzf.c,2260,,,FALSE
_dorand48,htslib/os/rand.c,45,,,FALSE
hts_srand48,htslib/os/rand.c,65,,,FALSE
hts_erand48,htslib/os/rand.c,77,,,FALSE
hts_erand48,htslib/hts_os.c,45,,,FALSE
hts_drand48,htslib/os/rand.c,86,,,FALSE
hts_lrand48,htslib/os/rand.c,92,,,FALSE
view_raw,htslib/htsfile.c,152,,,FALSE
copy_raw,htslib/htsfile.c,169,,,FALSE
hts_format_description,htslib/hts.c,775,,,FALSE
main,htslib/htsfile.c,227,,,FALSE
main,htslib/probaln.c,438,,,FALSE
HTS_FORMAT,htslib/annot-tsv.c,119,,,FALSE
nbp_destroy,htslib/annot-tsv.c,137,,,FALSE
nbp_reset,htslib/annot-tsv.c,142,,,FALSE
nbp_add,htslib/annot-tsv.c,148,,,FALSE
compare_hts_pos,htslib/annot-tsv.c,160,,,FALSE
nbp_length,htslib/annot-tsv.c,168,,,FALSE
cols_split,htslib/annot-tsv.c,187,,,FALSE
cols_append,htslib/annot-tsv.c,217,,,FALSE
cols_clear,htslib/annot-tsv.c,261,,,FALSE
cols_destroy,htslib/annot-tsv.c,269,,,FALSE
parse_tab_with_payload,htslib/annot-tsv.c,276,,,FALSE
free_payload,htslib/annot-tsv.c,322,,,FALSE
parse_header,htslib/annot-tsv.c,335,,,FALSE
write_header,htslib/annot-tsv.c,440,,,FALSE
destroy_header,htslib/annot-tsv.c,465,,,FALSE
read_next_line,htslib/annot-tsv.c,471,,,FALSE
sanity_check_columns,htslib/annot-tsv.c,480,,,FALSE
parse_coor_base,htslib/annot-tsv.c,495,,,FALSE
init_data,htslib/annot-tsv.c,515,,,FALSE
destroy_data,htslib/annot-tsv.c,666,,,FALSE
write_string,htslib/annot-tsv.c,703,,,FALSE
write_annots,htslib/annot-tsv.c,709,,,FALSE
process_line,htslib/annot-tsv.c,737,,,FALSE
usage_text,htslib/annot-tsv.c,880,,,FALSE
main,htslib/annot-tsv.c,956,,,FALSE
hts_srand48,htslib/hts_os.c,35,,,FALSE
hts_drand48,htslib/hts_os.c,48,,,FALSE
hts_lrand48,htslib/hts_os.c,51,,,FALSE
bcf_calc_ac,htslib/vcfutils.c,32,,,FALSE
bcf_gt_type,htslib/vcfutils.c,134,,,FALSE
bcf_trim_alleles,htslib/vcfutils.c,186,,,FALSE
bcf_remove_alleles,htslib/vcfutils.c,241,,,FALSE
hts_flush,htslib/hts.c,1712,,,FALSE
hts_format_file_extension,htslib/hts.c,1749,,,FALSE
hgetln_wrapper,htslib/hts.c,2031,,,FALSE
hts_file_type,htslib/hts.c,2186,,,FALSE
hts_check_EOF,htslib/hts.c,2208,,,FALSE
hts_idx_seqnames,htslib/hts.c,3090,,,FALSE
hts_idx_nseq,htslib/hts.c,3110,,,FALSE
hts_idx_get_stat,htslib/hts.c,3115,,,FALSE
hts_idx_get_n_no_coor,htslib/hts.c,3136,,,FALSE
add_to_interval,htslib/hts.c,3221,,,FALSE
reg2intervals_narrow,htslib/hts.c,3252,,,FALSE
reg2intervals_wide,htslib/hts.c,3276,,,FALSE
reg2intervals,htslib/hts.c,3304,,,FALSE
compare_regions,htslib/hts.c,3361,,,FALSE
hts_itr_multi_bam,htslib/hts.c,3602,,,FALSE
hts_itr_multi_cram,htslib/hts.c,3746,,,FALSE
hts_parse_reg64,htslib/hts.c,4160,,,FALSE
hts_parse_reg,htslib/hts.c,4180,,,FALSE
hts_idx_load,htslib/hts.c,4978,,,FALSE
hts_realloc_or_die,htslib/hts.c,5035,,,FALSE
hts_resize_array_,htslib/hts.c,5095,,,FALSE
hfile_shutdown,htslib/hfile.c,983,,,FALSE
hts_lib_shutdown,htslib/hts.c,5151,,,FALSE
hts_free,htslib/hts.c,5156,,,FALSE
cpu_supports_neon,htslib/simd.c,75,,,FALSE
nibble2base_ssse3,htslib/simd.c,132,,,FALSE
nibble2base_resolve,htslib/simd.c,164,,,FALSE
nibble2base_neon,htslib/simd.c,173,,,FALSE
nibble2base_resolve,htslib/simd.c,220,,,FALSE
print_usage,htslib/samples/read_aux.c,37,,,FALSE
printauxdata,htslib/samples/dump_aux.c,51,22,mutual,FALSE
printauxdata,htslib/samples/read_aux.c,51,22,mutual,FALSE
print_usage,htslib/samples/index_multireg_read.c,37,,,FALSE
print_usage,htslib/samples/flags_htsopt_field.c,37,,,FALSE
print_usage,htslib/samples/index_write.c,38,,,FALSE
print_usage,htslib/samples/qtask_unordered.c,62,,,FALSE
print_usage,htslib/samples/flags_demo.c,37,,,FALSE
print_usage,htslib/samples/read_header.c,37,,,FALSE
print_usage,htslib/samples/index_fasta.c,39,,,FALSE
print_usage,htslib/samples/read_bam.c,37,,,FALSE
print_usage,htslib/samples/mod_aux.c,38,,,FALSE
print_usage,htslib/samples/read_refname.c,37,,,FALSE
print_usage,htslib/samples/index_reg_read.c,37,,,FALSE
print_usage,htslib/samples/split.c,37,,,FALSE
print_usage,htslib/samples/add_header.c,37,,,FALSE
print_usage,htslib/samples/read_fast_index.c,38,,,FALSE
print_usage,htslib/samples/read_fast.c,37,,,FALSE
print_usage,htslib/samples/mpileup.c,38,,,FALSE
print_usage,htslib/samples/mod_aux_ba.c,37,,,FALSE
print_usage,htslib/samples/modstate.c,37,,,FALSE
print_usage,htslib/samples/write_fast.c,39,,,FALSE
print_usage,htslib/samples/split_thread2.c,38,,,FALSE
print_usage,htslib/samples/qtask_ordered.c,61,,,FALSE
print_usage,htslib/samples/split2.c,37,,,FALSE
print_usage,htslib/samples/mod_bam.c,38,,,FALSE
print_usage,htslib/samples/split_thread1.c,37,,,FALSE
print_usage,htslib/samples/update_header.c,37,,,FALSE
print_usage,htslib/samples/dump_aux.c,37,,,FALSE
print_usage,htslib/samples/rem_header.c,37,,,FALSE
print_usage,htslib/samples/pileup_mod.c,38,,,FALSE
print_usage,htslib/samples/cram.c,37,,,FALSE
print_usage,htslib/samples/pileup.c,38,,,FALSE
bam_aux_get_str,htslib/htslib/sam.h,1694,,,FALSE
main,htslib/samples/read_aux.c,114,,,FALSE
main,htslib/samples/index_multireg_read.c,50,,,FALSE
main,htslib/samples/flags_htsopt_field.c,50,,,FALSE
sam_open_mode,htslib/sam.c,5181,23,self,FALSE
main,htslib/samples/index_write.c,50,,,FALSE
getbamstorage,htslib/samples/qtask_unordered.c,76,,,FALSE
cleanup_bamstorage,htslib/samples/qtask_unordered.c,128,,,FALSE
thread_unordered_proc,htslib/samples/qtask_unordered.c,148,,,FALSE
getbamstorage,htslib/samples/qtask_ordered.c,75,,,FALSE
cleanup_bamstorage,htslib/samples/qtask_ordered.c,121,,,FALSE
main,htslib/samples/qtask_unordered.c,181,,,FALSE
main,htslib/samples/flags_demo.c,50,,,FALSE
main,htslib/samples/read_header.c,49,,,FALSE
main,htslib/samples/index_fasta.c,51,,,FALSE
bam_flag2str,htslib/sam.c,5317,,,FALSE
main,htslib/samples/read_bam.c,48,,,FALSE
main,htslib/samples/mod_aux.c,50,,,FALSE
main,htslib/samples/read_refname.c,49,,,FALSE
sam_index_load2,htslib/sam.c,1677,,,FALSE
main,htslib/samples/index_reg_read.c,55,,,FALSE
main,htslib/samples/split.c,50,,,FALSE
main,htslib/samples/add_header.c,49,,,FALSE
main,htslib/samples/read_fast_index.c,53,,,FALSE
main,htslib/samples/read_fast.c,49,,,FALSE
plpconstructor,htslib/samples/mpileup.c,56,,,FALSE
plpdestructor,htslib/samples/mpileup.c,60,,,FALSE
readdata,htslib/samples/mpileup.c,68,,,FALSE
bam_mplp_constructor,htslib/sam.c,6327,,,FALSE
bam_mplp_destructor,htslib/sam.c,6334,,,FALSE
main,htslib/samples/mpileup.c,84,,,FALSE
main,htslib/samples/mod_aux_ba.c,49,,,FALSE
main,htslib/samples/modstate.c,49,,,FALSE
main,htslib/samples/write_fast.c,51,,,FALSE
main,htslib/samples/split_thread2.c,51,,,FALSE
thread_ordered_proc,htslib/samples/qtask_ordered.c,143,,,FALSE
threadfn_orderedwrite,htslib/samples/qtask_ordered.c,176,,,FALSE
main,htslib/samples/qtask_ordered.c,223,,,FALSE
main,htslib/samples/split2.c,50,,,FALSE
main,htslib/samples/mod_bam.c,50,,,FALSE
main,htslib/samples/split_thread1.c,50,,,FALSE
main,htslib/samples/update_header.c,49,,,FALSE
main,htslib/samples/dump_aux.c,114,,,FALSE
main,htslib/samples/rem_header.c,49,,,FALSE
plpconstructor,htslib/samples/pileup_mod.c,56,,,FALSE
plpdestructor,htslib/samples/pileup_mod.c,70,,,FALSE
readdata,htslib/samples/pileup_mod.c,82,,,FALSE
main,htslib/samples/pileup_mod.c,98,,,FALSE
main,htslib/samples/cram.c,53,,,FALSE
plpconstructor,htslib/samples/pileup.c,56,,,FALSE
plpdestructor,htslib/samples/pileup.c,65,,,FALSE
readdata,htslib/samples/pileup.c,76,,,FALSE
main,htslib/samples/pileup.c,92,,,FALSE
tbx_readrec,htslib/tbx.c,353,,,FALSE
tbx_index_build2,htslib/tbx.c,542,,,FALSE
tbx_index_build,htslib/tbx.c,547,,,FALSE
tbx_index_load,htslib/tbx.c,609,,,FALSE
tbx_name2id_wrapper,htslib/tbx.c,644,,,FALSE
tbx_itr_querys1,htslib/tbx.c,649,,,FALSE
bam_name2id_wrapper,htslib/sam.c,418,,,FALSE
sam_index_build2,htslib/sam.c,1076,,,FALSE
bam_index_build,htslib/sam.c,1088,,,FALSE
sam_readrec,htslib/sam.c,1147,,,FALSE
sam_readrec_rest,htslib/sam.c,1162,,,FALSE
bam_get_library,htslib/sam.c,1173,,,FALSE
bam_sym_lookup,htslib/sam.c,1210,,,FALSE
cram_readrec,htslib/sam.c,1551,,,FALSE
cram_pseek,htslib/sam.c,1581,,,FALSE
cram_ptell,htslib/sam.c,1611,,,FALSE
bam_pseek,htslib/sam.c,1631,,,FALSE
bam_ptell,htslib/sam.c,1638,,,FALSE
sam_index_load3,htslib/sam.c,1672,,,FALSE
cram_name2id,htslib/sam.c,1754,,,FALSE
sam_itr_regions,htslib/sam.c,1798,,,FALSE
old_sam_hdr_change_HD,htslib/sam.c,2080,,,FALSE
sam_hdr_change_HD,htslib/sam.c,2156,,,FALSE
sam_hdr_set,htslib/sam.c,2176,,,FALSE
sam_hdr_get,htslib/sam.c,2199,,,FALSE
sam_state_err,htslib/sam.c,3069,,,FALSE
cleanup_sp_lines,htslib/sam.c,3200,,,FALSE
sam_parse_worker,htslib/sam.c,3215,,,FALSE
sam_parse_eof,htslib/sam.c,3313,,,FALSE
cleanup_sp_bams,htslib/sam.c,3318,,,FALSE
sam_dispatcher_read,htslib/sam.c,3325,,,FALSE
sam_dispatcher_write,htslib/sam.c,3497,,,FALSE
sam_format_worker,htslib/sam.c,3652,,,FALSE
sam_open_mode_opts,htslib/sam.c,5210,,,FALSE
bam_str2flag,htslib/sam.c,5288,,,FALSE
bam_plp_next,htslib/sam.c,6065,,,FALSE
bam_plp_reset,htslib/sam.c,6180,,,FALSE
bam_plp_set_maxcnt,htslib/sam.c,6193,,,FALSE
bam_mplp_set_maxcnt,htslib/sam.c,6240,,,FALSE
bam_mplp_reset,htslib/sam.c,6313,,,FALSE
khash_str2int_size,htslib/htslib/khash_str2int.h,129,,,FALSE
ks_str,htslib/htslib/kstring.h,188,,,FALSE
kbs_insert_all,htslib/htslib/kbitset.h,143,,,FALSE
kbs_delete,htslib/htslib/kbitset.h,156,,,FALSE
kbs_start,htslib/htslib/kbitset.h,174,,,FALSE
kbs_next,htslib/htslib/kbitset.h,182,,,FALSE
sam_hdr_parse_,htslib/htslib/cram.h,720,,,FALSE
sam_hdr_free,htslib/htslib/cram.h,728,,,FALSE
bcf_acgt2int,htslib/htslib/vcfutils.h,119,,,FALSE
bam_hdr_dup,htslib/htslib/sam.h,402,,,FALSE
ed_swap_2,htslib/htslib/hts.h,1572,,,FALSE
ed_swap_2p,htslib/htslib/hts.h,1576,,,FALSE
le_to_u8,htslib/htslib/hts_endian.h,120,,,FALSE
__ac_FNV1a_hash_string,htslib/htslib/khash.h,466,,,FALSE
__ac_X31_hash_kstring,htslib/htslib/khash.h,492,,,FALSE
__ac_FNV1a_hash_kstring,htslib/htslib/khash.h,506,,,FALSE
bcf_update_info_int64,htslib/htslib/vcf.h,994,,,FALSE
bcf_gt2alleles,htslib/htslib/vcf.h,1042,,,FALSE
bcf_get_info_int64,htslib/htslib/vcf.h,1127,,,FALSE
bcf_format_gt,htslib/htslib/vcf.h,1535,,,FALSE
make_scm_rights_cmsg,htslib/ref_cache/cmsg_wrap.c,46,,,FALSE
get_scm_rights_fd,htslib/ref_cache/cmsg_wrap.c,67,,,FALSE
setnonblock,htslib/ref_cache/misc.h,40,,,FALSE
do_write_all,htslib/ref_cache/misc.h,55,,,FALSE
do_read_all,htslib/ref_cache/misc.h,72,,,FALSE
lim_strdup,htslib/ref_cache/misc.h,91,,,FALSE
init_clients,htslib/ref_cache/server.c,107,,,FALSE
read_stack_push,htslib/ref_cache/server.c,115,,,FALSE
read_stack_pop,htslib/ref_cache/server.c,125,,,FALSE
read_stack_remove,htslib/ref_cache/server.c,137,,,FALSE
write_stack_push,htslib/ref_cache/server.c,151,,,FALSE
write_stack_pop,htslib/ref_cache/server.c,161,,,FALSE
write_stack_remove,htslib/ref_cache/server.c,173,,,FALSE
get_free_client,htslib/ref_cache/server.c,187,,,FALSE
pw_remove,htslib/ref_cache/poll_wrap_epoll.c,126,,,FALSE
pw_remove,htslib/ref_cache/poll_wrap_poll.c,220,,,FALSE
get_ref_id,htslib/ref_cache/ref_files.c,153,,,FALSE
release_ref_file,htslib/ref_cache/ref_files.c,193,,,FALSE
transaction_clear_ref,htslib/ref_cache/transaction.c,166,,,FALSE
free_transaction,htslib/ref_cache/transaction.c,181,,,FALSE
free_transaction_list,htslib/ref_cache/transaction.c,196,,,FALSE
cleanup_http_parser,htslib/ref_cache/http_parser.c,131,,,FALSE
close_client,htslib/ref_cache/server.c,194,,,FALSE
check_addr_allowed,htslib/ref_cache/server.c,222,,,FALSE
pw_register,htslib/ref_cache/poll_wrap_epoll.c,78,,,FALSE
pw_register,htslib/ref_cache/poll_wrap_poll.c,95,,,FALSE
init_http_parser,htslib/ref_cache/http_parser.c,111,,,FALSE
handle_incoming,htslib/ref_cache/server.c,268,,,FALSE
transaction_set_next,htslib/ref_cache/transaction.c,623,,,FALSE
client_add_transaction,htslib/ref_cache/server.c,352,,,FALSE
upstream_recv_msg,htslib/ref_cache/upstream.c,215,,,FALSE
update_ref_download_started,htslib/ref_cache/ref_files.c,165,,,FALSE
transaction_by_id,htslib/ref_cache/transaction.c,270,,,FALSE
transaction_get_client,htslib/ref_cache/transaction.c,210,,,FALSE
get_ref_size,htslib/ref_cache/ref_files.c,145,,,FALSE
get_ref_available,htslib/ref_cache/ref_files.c,149,,,FALSE
transaction_has_data_to_send,htslib/ref_cache/transaction.c,628,,,FALSE
queue_transaction_write,htslib/ref_cache/server.c,395,,,FALSE
calculate_range_available,htslib/ref_cache/transaction.c,225,,,FALSE
set_error_response,htslib/ref_cache/transaction.c,277,,,FALSE
http_vers_string,htslib/ref_cache/transaction.c,313,,,FALSE
set_ref_file_response,htslib/ref_cache/transaction.c,322,,,FALSE
set_transaction_file_range,htslib/ref_cache/transaction.c,654,,,FALSE
update_with_initial_size,htslib/ref_cache/transaction.c,671,,,FALSE
got_download_started,htslib/ref_cache/transaction.c,680,,,FALSE
update_ref_available,htslib/ref_cache/ref_files.c,174,,,FALSE
got_download_part,htslib/ref_cache/transaction.c,698,,,FALSE
update_ref_with_content_len,htslib/ref_cache/ref_files.c,179,,,FALSE
got_download_clen,htslib/ref_cache/transaction.c,715,,,FALSE
set_ref_complete,htslib/ref_cache/ref_files.c,185,,,FALSE
got_download_result,htslib/ref_cache/transaction.c,730,,,FALSE
handle_upstream,htslib/ref_cache/server.c,362,,,FALSE
eat_input,htslib/ref_cache/server.c,422,,,FALSE
client_host,htslib/ref_cache/server.c,840,,,FALSE
make_log_message,htslib/ref_cache/transaction.c,769,,,FALSE
queue_log_msg,htslib/ref_cache/server.c,436,,,FALSE
send_to_log,htslib/ref_cache/server.c,470,,,FALSE
pw_mod,htslib/ref_cache/poll_wrap_epoll.c,106,,,FALSE
pw_mod,htslib/ref_cache/poll_wrap_poll.c,157,,,FALSE
transaction_have_content,htslib/ref_cache/transaction.c,619,,,FALSE
handle_client_events,htslib/ref_cache/server.c,509,,,FALSE
is_hexmd5,htslib/ref_cache/request_handler.c,49,,,FALSE
decode_uri,htslib/ref_cache/request_handler.c,56,,,FALSE
set_message_response,htslib/ref_cache/transaction.c,408,,,FALSE
handle_hello,htslib/ref_cache/request_handler.c,94,,,FALSE
upstream_send_cmd,htslib/ref_cache/upstream.c,122,,,FALSE
get_ref_placeholder,htslib/ref_cache/ref_files.c,62,,,FALSE
get_ref_file,htslib/ref_cache/ref_files.c,94,,,FALSE
get_ref_status,htslib/ref_cache/ref_files.c,141,,,FALSE
transaction_set_ref,htslib/ref_cache/transaction.c,218,,,FALSE
handle_md5,htslib/ref_cache/request_handler.c,99,,,FALSE
transaction_set_req_str,htslib/ref_cache/transaction.c,264,,,FALSE
handle_get,htslib/ref_cache/request_handler.c,126,,,FALSE
steal_user_agent_from_parser,htslib/ref_cache/http_parser.c,637,,,FALSE
steal_referrer_from_parser,htslib/ref_cache/http_parser.c,643,,,FALSE
new_transaction,htslib/ref_cache/transaction.c,136,,,FALSE
handle_request,htslib/ref_cache/request_handler.c,148,,,FALSE
handle_error,htslib/ref_cache/request_handler.c,167,,,FALSE
parser_read_input,htslib/ref_cache/http_parser.c,201,,,FALSE
lws_spn,htslib/ref_cache/http_parser.c,93,,,FALSE
lws_cspn,htslib/ref_cache/http_parser.c,99,,,FALSE
parser_get_line,htslib/ref_cache/http_parser.c,158,,,FALSE
read_request_line,htslib/ref_cache/http_parser.c,246,,,FALSE
tok_spn,htslib/ref_cache/http_parser.c,105,,,FALSE
parse_range,htslib/ref_cache/http_parser.c,333,,,FALSE
parser_parse_header,htslib/ref_cache/http_parser.c,394,,,FALSE
read_headers,htslib/ref_cache/http_parser.c,452,,,FALSE
read_chunk_header,htslib/ref_cache/http_parser.c,529,,,FALSE
eat_data,htslib/ref_cache/http_parser.c,546,,,FALSE
read_chunk,htslib/ref_cache/http_parser.c,578,,,FALSE
read_body,htslib/ref_cache/http_parser.c,584,,,FALSE
read_chunk_trailer,htslib/ref_cache/http_parser.c,590,,,FALSE
parser_read_data,htslib/ref_cache/http_parser.c,601,,,FALSE
do_reads,htslib/ref_cache/server.c,565,,,FALSE
switch_to_next_transaction,htslib/ref_cache/transaction.c,204,,,FALSE
transaction_get_keep_alive,htslib/ref_cache/transaction.c,214,,,FALSE
get_ref_complete,htslib/ref_cache/ref_files.c,157,,,FALSE
get_ref_fd,htslib/ref_cache/ref_files.c,161,,,FALSE
sendfile_wrap,htslib/ref_cache/sendfile_wrap.c,55,,,FALSE
sendfile_wrap,htslib/ref_cache/sendfile_wrap.c,61,,,FALSE
sendfile_wrap,htslib/ref_cache/sendfile_wrap.c,73,,,FALSE
sendfile_wrap,htslib/ref_cache/sendfile_wrap.c,87,,,FALSE
send_file,htslib/ref_cache/transaction.c,460,,,FALSE
transaction_send_data,htslib/ref_cache/transaction.c,556,,,FALSE
do_writes,htslib/ref_cache/server.c,642,,,FALSE
pw_init,htslib/ref_cache/poll_wrap_epoll.c,49,,,FALSE
pw_wait,htslib/ref_cache/poll_wrap_epoll.c,120,,,FALSE
pw_close,htslib/ref_cache/poll_wrap_epoll.c,72,,,FALSE
pw_close,htslib/ref_cache/poll_wrap_poll.c,60,,,FALSE
pw_init,htslib/ref_cache/poll_wrap_poll.c,69,,,FALSE
pw_wait,htslib/ref_cache/poll_wrap_poll.c,173,,,FALSE
register_listener_pollers,htslib/ref_cache/listener.c,242,,,FALSE
run_poll_loop,htslib/ref_cache/server.c,721,,,FALSE
change_name,htslib/ref_cache/main.c,99,,,FALSE
init_children,htslib/ref_cache/main.c,107,,,FALSE
set_up_child,htslib/ref_cache/main.c,168,,,FALSE
make_new_child,htslib/ref_cache/main.c,211,,,FALSE
get_multi,htslib/ref_cache/upstream.c,808,,,FALSE
init_multi_data,htslib/ref_cache/upstream.c,838,,,FALSE
recv_cmd_data,htslib/ref_cache/upstream.c,146,,,FALSE
upstream_send_msg,htslib/ref_cache/upstream.c,172,,,FALSE
new_downstream,htslib/ref_cache/upstream.c,296,,,FALSE
make_subdir,htslib/ref_cache/upstream.c,252,,,FALSE
new_download,htslib/ref_cache/upstream.c,306,,,FALSE
release_curl,htslib/ref_cache/upstream.c,290,,,FALSE
remove_downstream,htslib/ref_cache/upstream.c,319,,,FALSE
free_download,htslib/ref_cache/upstream.c,331,,,FALSE
get_free_curl,htslib/ref_cache/upstream.c,277,,,FALSE
start_new_download,htslib/ref_cache/upstream.c,385,,,FALSE
get_download,htslib/ref_cache/upstream.c,445,,,FALSE
get_cmd_multi,htslib/ref_cache/upstream.c,563,,,FALSE
send_result_code,htslib/ref_cache/upstream.c,635,,,FALSE
send_result_code_all,htslib/ref_cache/upstream.c,646,,,FALSE
rename_download_file,htslib/ref_cache/upstream.c,897,,,FALSE
finish_download,htslib/ref_cache/upstream.c,916,,,FALSE
handle_curl_socket,htslib/ref_cache/upstream.c,996,,,FALSE
run_epoll_loop,htslib/ref_cache/upstream.c,1047,,,FALSE
run_multi_upstream_handler,htslib/ref_cache/upstream.c,1131,,,FALSE
run_upstream_handler,htslib/ref_cache/upstream.c,1157,,,FALSE
start_upstream,htslib/ref_cache/main.c,245,,,FALSE
sig_handler,htslib/ref_cache/main.c,283,,,FALSE
handle_sigchld,htslib/ref_cache/main.c,306,,,FALSE
init_poller,htslib/ref_cache/main.c,362,,,FALSE
rotate_logs,htslib/ref_cache/log_files.c,69,,,FALSE
write_to_log,htslib/ref_cache/log_files.c,266,,,FALSE
run_server_population,htslib/ref_cache/main.c,393,,,FALSE
daemonise,htslib/ref_cache/main.c,493,,,FALSE
get_systemd_listen_fds,htslib/ref_cache/main.c,633,,,FALSE
add_match_addr,htslib/ref_cache/main.c,677,,,FALSE
cmp_match_addrs,htslib/ref_cache/main.c,816,,,FALSE
sort_match_addrs,htslib/ref_cache/main.c,826,,,FALSE
get_opt_val,htslib/ref_cache/main.c,889,,,FALSE
close_logs,htslib/ref_cache/log_files.c,134,,,FALSE
open_logs,htslib/ref_cache/log_files.c,148,,,FALSE
open_socket,htslib/ref_cache/listener.c,51,,,FALSE
get_listen_sockets,htslib/ref_cache/listener.c,95,,,FALSE
should_adopt_socket,htslib/ref_cache/listener.c,160,,,FALSE
adopt_listen_sockets,htslib/ref_cache/listener.c,203,,,FALSE
close_listen_sockets,htslib/ref_cache/listener.c,235,,,FALSE
check_running,htslib/ref_cache/ping.c,39,,,FALSE
main,htslib/ref_cache/main.c,913,,,FALSE
send_msg_all,htslib/ref_cache/upstream.c,204,,,FALSE
progress_callback,htslib/ref_cache/upstream.c,656,,,FALSE
progress_callback,htslib/ref_cache/upstream.c,666,,,FALSE
multi_receive_data,htslib/ref_cache/upstream.c,675,,,FALSE
sock_func,htslib/ref_cache/upstream.c,753,,,FALSE
timer_func,htslib/ref_cache/upstream.c,801,,,FALSE
log_compare,htslib/ref_cache/log_files.c,62,,,FALSE
fgets_wrapper,htslib/kstring.c,294,,,FALSE
main,htslib/kstring.c,531,,,FALSE
hfile_init_fixed,htslib/hfile.c,141,,,FALSE
hgets_wrapper,htslib/hfile.c,301,,,FALSE
fd_read,htslib/hfile.c,557,,,FALSE
fd_write,htslib/hfile.c,568,,,FALSE
fd_seek,htslib/hfile.c,591,,,FALSE
fd_flush,htslib/hfile.c,607,,,FALSE
fd_close,htslib/hfile.c,625,,,FALSE
hpreload,htslib/hfile.c,689,,,FALSE
is_preload_url_remote,htslib/hfile.c,726,,,FALSE
hopen_preload,htslib/hfile.c,730,,,FALSE
hopen_fd_fileuri,htslib/hfile.c,747,,,FALSE
mem_seek,htslib/hfile.c,810,,,FALSE
mem_close,htslib/hfile.c,816,,,FALSE
cmp_prefix,htslib/hfile.c,826,,,FALSE
create_hfile_mem,htslib/hfile.c,835,,,FALSE
hopen_mem,htslib/hfile.c,845,,,FALSE
hopenv_mem,htslib/hfile.c,878,,,FALSE
hopen_not_supported,htslib/hfile.c,915,,,FALSE
hfile_plugin_init_mem,htslib/hfile.c,920,,,FALSE
crypt4gh_needed,htslib/hfile.c,935,,,FALSE
hfile_plugin_init_crypt4gh_needed,htslib/hfile.c,956,,,FALSE
hfile_exit,htslib/hfile.c,1005,,,FALSE
hopen_unknown_scheme,htslib/hfile.c,1168,,,FALSE
hfile_has_plugin,htslib/hfile.c,1293,,,FALSE
hfile_always_local,htslib/hfile.c,1339,,,FALSE
hfile_always_remote,htslib/hfile.c,1342,,,FALSE
knet_open,htslib/hfile.c,1416,,,FALSE
knet_dopen,htslib/hfile.c,1433,,,FALSE
knet_read,htslib/hfile.c,1445,,,FALSE
knet_seek,htslib/hfile.c,1452,,,FALSE
knet_close,htslib/hfile.c,1460,,,FALSE
hts_tpool_worker_id,htslib/thread_pool.c,56,,,FALSE
hts_tpool_add_result,htslib/thread_pool.c,95,,,FALSE
hts_tpool_process_detach,htslib/thread_pool.c,495,,,FALSE
tpool_worker,htslib/thread_pool.c,518,,,FALSE
hts_tpool_kill,htslib/thread_pool.c,1128,,,FALSE
doit_square_u,htslib/thread_pool.c,1171,,,FALSE
test_square_u,htslib/thread_pool.c,1182,,,FALSE
doit_square,htslib/thread_pool.c,1209,,,FALSE
test_square,htslib/thread_pool.c,1224,,,FALSE
test_squareB_dispatcher,htslib/thread_pool.c,1293,,,FALSE
test_squareB,htslib/thread_pool.c,1310,,,FALSE
pipe_input_thread,htslib/thread_pool.c,1387,,,FALSE
pipe_stage1,htslib/thread_pool.c,1408,,,FALSE
pipe_stage1to2,htslib/thread_pool.c,1418,,,FALSE
pipe_stage2,htslib/thread_pool.c,1434,,,FALSE
pipe_stage2to3,htslib/thread_pool.c,1444,,,FALSE
pipe_stage3,htslib/thread_pool.c,1460,,,FALSE
pipe_output_thread,htslib/thread_pool.c,1468,,,FALSE
test_pipe,htslib/thread_pool.c,1484,,,FALSE
main,htslib/thread_pool.c,1517,,,FALSE
gcs_rewrite,htslib/hfile_gcs.c,41,,,FALSE
gcs_open,htslib/hfile_gcs.c,125,,,FALSE
gcs_vopen,htslib/hfile_gcs.c,130,,,FALSE
PLUGIN_GLOBAL,htslib/hfile_gcs.c,141,,,FALSE
