name,file,line_start,scc_id,scc_kind,translated
refill_buffer,htslib/hfile.c,179,,,TRUE
hread2,htslib/hfile.c,330,,,TRUE
hread,htslib/htslib/hfile.h,247,,,TRUE
ed_is_big,htslib/htslib/hts.h,1567,,,TRUE
ed_swap_8,htslib/htslib/hts.h,1591,,,TRUE
ed_swap_8p,htslib/htslib/hts.h,1597,,,TRUE
htell,htslib/htslib/hfile.h,155,,,TRUE
writebuffer_is_nonempty,htslib/hfile.c,171,,,TRUE
flush_buffer,htslib/hfile.c,376,,,TRUE
hseek,htslib/hfile.c,446,,,TRUE
razf_info,htslib/bgzf.c,315,,,TRUE
hpeek,htslib/hfile.c,313,,,TRUE
bgzf_read_init,htslib/bgzf.c,383,,,TRUE
bgzf_zerr,htslib/bgzf.c,346,,,TRUE
mode2level,htslib/bgzf.c,426,,,TRUE
bgzf_write_init,htslib/bgzf.c,435,,,TRUE
hfile_destroy,htslib/hfile.c,162,,,TRUE
hclose_abruptly,htslib/hfile.c,520,,,TRUE
hfile_init,htslib/hfile.c,104,,,TRUE
blksize,htslib/hfile.c,648,,,TRUE
hfile_oflags,htslib/hfile.c,772,,,TRUE
hopen_fd,htslib/hfile.c,664,,,TRUE
hdopen,htslib/hfile.c,735,,,TRUE
hopen_fd_stdinout,htslib/hfile.c,761,,,TRUE
isalnum_c,htslib/textutils_internal.h,169,,,TRUE
tolower_c,htslib/textutils_internal.h,179,,,TRUE
ks_resize,htslib/htslib/kstring.h,164,,,TRUE
kputsn,htslib/htslib/kstring.h,242,,,TRUE
kputc,htslib/htslib/kstring.h,259,,,TRUE
open_nextdir,htslib/plugin.c,42,,,TRUE
kputs,htslib/htslib/kstring.h,253,,,TRUE
hts_path_itr_setup,htslib/plugin.c,69,,,TRUE
hts_path_itr_next,htslib/plugin.c,104,,,TRUE
load_plugin,htslib/plugin.c,135,,,TRUE
close_plugin,htslib/plugin.c,186,,,TRUE
priority,htslib/hfile.c,1011,,,TRUE
try_exe_add_scheme_handler,htslib/hfile.c,1026,,,TRUE
try_exe_add_scheme_handler,htslib/hfile.c,1046,,,TRUE
hfile_add_scheme_handler,htslib/hfile.c,1053,,,FALSE
init_add_plugin,htslib/hfile.c,1079,,,FALSE
load_hfile_plugins,htslib/hfile.c,1111,,,FALSE
find_scheme_handler,htslib/hfile.c,1176,,,FALSE
hopen,htslib/hfile.c,1317,,,TRUE
bgzf_open,htslib/bgzf.c,495,,,TRUE
next_power_2,htslib/cram/pooled_alloc.c,47,,,TRUE
pool_create,htslib/cram/pooled_alloc.c,64,,,TRUE
hts_tpool_process_ref_incr,htslib/thread_pool.c,268,,,TRUE
hts_tpool_process_attach,htslib/thread_pool.c,456,,,TRUE
hts_tpool_process_init,htslib/thread_pool.c,372,,,TRUE
hts_tpool_size,htslib/thread_pool.c,819,,,TRUE
bgzf_thread_pool,htslib/bgzf.c,1740,,,TRUE
hts_tpool_init,htslib/thread_pool.c,725,,,TRUE
DBG_OUT,htslib/thread_pool.c,69,,,TRUE
hts_tpool_destroy,htslib/thread_pool.c,1089,,,TRUE
bgzf_mt,htslib/bgzf.c,1783,,,TRUE
bgzf_mt,htslib/bgzf.c,1937,,,TRUE
packInt16,htslib/bgzf.c,296,,,TRUE
packInt32,htslib/bgzf.c,307,,,TRUE
u16_to_le,htslib/htslib/hts_endian.h,177,,,TRUE
bgzf_compress,htslib/bgzf.c,561,,,TRUE
bgzf_compress,htslib/bgzf.c,624,,,TRUE
bgzf_gzip_compress,htslib/bgzf.c,686,,,FALSE
deflate_block,htslib/bgzf.c,709,,,TRUE
bgzf_clear_private_data,htslib/bgzf_internal.h,58,,,TRUE
free_cache,htslib/bgzf.c,905,,,FALSE
new_pool,htslib/cram/pooled_alloc.c,96,,,TRUE
pool_alloc,htslib/cram/pooled_alloc.c,115,,,TRUE
pool_alloc,htslib/cram/pooled_alloc.c,151,,,TRUE
pool_free,htslib/cram/pooled_alloc.c,144,,,TRUE
pool_free,htslib/cram/pooled_alloc.c,155,,,TRUE
job_cleanup,htslib/bgzf.c,1322,,,TRUE
wake_next_worker,htslib/thread_pool.c,654,,,FALSE
hts_tpool_dispatch3,htslib/thread_pool.c,846,,,TRUE
mt_queue,htslib/bgzf.c,1852,,,FALSE
hts_usleep,htslib/hts_internal.h,159,,,TRUE
hts_tpool_process_is_shutdown,htslib/thread_pool.c,333,,,TRUE
hts_tpool_process_flush,htslib/thread_pool.c,941,,,TRUE
mt_flush_queue,htslib/bgzf.c,1897,,,FALSE
bgzf_index_add_block,htslib/bgzf.c,2354,,,TRUE
hfile_set_blksize,htslib/hfile.c,212,,,TRUE
hwrite2,htslib/hfile.c,412,,,TRUE
hwrite,htslib/htslib/hfile.h,292,,,TRUE
hflush,htslib/hfile.c,390,,,TRUE
bgzf_flush,htslib/bgzf.c,1949,,,TRUE
pool_destroy,htslib/cram/pooled_alloc.c,84,,,TRUE
hts_tpool_process_shutdown_locked,htslib/thread_pool.c,319,,,FALSE
hts_tpool_process_detach_locked,htslib/thread_pool.c,472,,,FALSE
hts_tpool_delete_result,htslib/thread_pool.c,344,,,TRUE
hts_tpool_process_reset,htslib/thread_pool.c,1013,,,TRUE
hts_tpool_process_destroy,htslib/thread_pool.c,410,,,TRUE
hts_tpool_wake_dispatch,htslib/thread_pool.c,923,,,TRUE
mt_destroy,htslib/bgzf.c,1805,,,TRUE
bgzf_close_mt,htslib/bgzf.c,2071,,,FALSE
bgzf_index_destroy,htslib/bgzf.c,2336,,,TRUE
hclose,htslib/hfile.c,503,,,TRUE
bgzf_close,htslib/bgzf.c,2080,,,TRUE
main,htslib/test/thrash_threads1.c,34,,,FALSE
main,htslib/test/test_hfile_libcurl.c,30,,,FALSE
start_server,htslib/test/test_hfile_libcurl.c,65,,,FALSE
stop_server,htslib/test/test_hfile_libcurl.c,139,,,TRUE
generate_test_data,htslib/test/test_hfile_libcurl.c,154,,,TRUE
read_expected_data,htslib/test/test_hfile_libcurl.c,173,,,TRUE
hfile_read_all,htslib/test/test_hfile_libcurl.c,196,,,TRUE
test_normal_transfer,htslib/test/test_hfile_libcurl.c,233,,,FALSE
test_503_retry,htslib/test/test_hfile_libcurl.c,265,,,FALSE
test_429_retry,htslib/test/test_hfile_libcurl.c,302,,,FALSE
test_drop_mid_transfer,htslib/test/test_hfile_libcurl.c,339,,,FALSE
test_404_no_retry,htslib/test/test_hfile_libcurl.c,376,,,FALSE
test_retry_exhaustion,htslib/test/test_hfile_libcurl.c,407,,,FALSE
test_retry_disabled,htslib/test/test_hfile_libcurl.c,436,,,FALSE
main,htslib/test/test_hfile_libcurl.c,464,,,FALSE
cram_update_curr_slice,htslib/cram/cram_encode.c,3258,,,FALSE
string_pool_destroy,htslib/cram/string_alloc.c,103,,,TRUE
mfdestroy,htslib/cram/mFILE.c,408,,,TRUE
mfflush,htslib/cram/mFILE.c,607,,,TRUE
mfclose,htslib/cram/mFILE.c,361,,,TRUE
ref_entry_free_seq,htslib/cram/cram_io.c,2417,,,TRUE
refs_free,htslib/cram/cram_io.c,2427,,,TRUE
free_bam_list,htslib/cram/cram_io.c,3695,,,TRUE
cram_free_block,htslib/cram/cram_io.c,1565,,,TRUE
cram_free_compression_header,htslib/cram/cram_io.c,4356,,,TRUE
cram_free_slice_header,htslib/cram/cram_io.c,4407,,,TRUE
cram_free_slice,htslib/cram/cram_io.c,4419,,,FALSE
cram_stats_free,htslib/cram/cram_stats.c,223,,,TRUE
cram_free_container,htslib/cram/cram_io.c,3703,,,TRUE
le_to_u32,htslib/htslib/hts_endian.h,142,,,TRUE
le_int4,htslib/cram/os.h,155,,,TRUE
int32_encode,htslib/cram/cram_io.c,1020,,,TRUE
hputc2,htslib/hfile.c,400,,,TRUE
hputc,htslib/htslib/hfile.h,263,,,TRUE
cram_write_block,htslib/cram/cram_io.c,1511,,,TRUE
itf8_put,htslib/cram/cram_io.c,277,,,TRUE
cram_write_container,htslib/cram/cram_io.c,4021,,,FALSE
new_string_pool,htslib/cram/string_alloc.c,75,,,TRUE
string_alloc,htslib/cram/string_alloc.c,117,,,TRUE
string_ndup,htslib/cram/string_alloc.c,153,,,TRUE
kstrtok,htslib/kstring.c,187,,,TRUE
sam_hrecs_add_ref_altnames,htslib/header.c,88,,,FALSE
sam_hrecs_find_key,htslib/header.c,3009,,,FALSE
sam_hrecs_vupdate,htslib/header.c,2939,,,FALSE
sam_hrecs_update,htslib/header.c,2990,,,FALSE
TYPEKEY,htslib/header.h,58,,,TRUE
sam_hrecs_update_hashes,htslib/header.c,141,,,FALSE
sam_hrecs_global_list_add,htslib/header.c,500,,,FALSE
sam_hrecs_free_tags,htslib/header.c,694,1,self,FALSE
known_stderr,htslib/header.c,780,,,TRUE
fast_exp,htslib/kstring.c,351,,,TRUE
karp_rabin,htslib/kstring.c,365,,,TRUE
ksBM_prep,htslib/kstring.c,405,,,TRUE
boyer_moore,htslib/kstring.c,449,,,TRUE
kmemmem,htslib/kstring.c,496,,,TRUE
warn_if_known_stderr,htslib/header.c,788,,,TRUE
parse_comment_line,htslib/header.c,800,,,FALSE
parse_noncomment_line,htslib/header.c,826,,,FALSE
isalpha_c,htslib/textutils_internal.h,170,,,TRUE
sam_hrecs_parse_single_line,htslib/header.c,906,,,FALSE
sam_hrecs_parse_lines,htslib/header.c,995,,,FALSE
sam_hdr_update_target_arrays,htslib/header.c,1073,,,FALSE
rebuild_target_arrays,htslib/header.c,1153,,,FALSE
string_dup,htslib/cram/string_alloc.c,149,,,TRUE
sam_hrecs_refs_from_targets_array,htslib/header.c,1181,,,FALSE
sam_hrecs_find_type_id,htslib/header.c,2865,,,FALSE
sam_hrecs_vadd,htslib/header.c,552,,,FALSE
sam_hrecs_add,htslib/header.c,681,,,FALSE
add_stub_ref_sq_lines,htslib/header.c,1266,,,FALSE
sam_hrecs_init_type_order,htslib/header.c,69,,,FALSE
string_pool_create,htslib/cram/string_alloc.c,55,,,TRUE
sam_hrecs_new,htslib/header.c,2732,,,FALSE
sam_hrecs_free,htslib/header.c,2812,,,FALSE
sam_hdr_fill_hrecs,htslib/header.c,1289,,,FALSE
sam_hdr_find_tag_id,htslib/header.c,2282,,,TRUE
sam_hdr_tid2name,htslib/header.c,2412,,,TRUE
zlib_mem_inflate,htslib/cram/cram_io.c,1068,,,TRUE
zlib_mem_inflate,htslib/cram/cram_io.c,1157,,,TRUE
lzma_mem_inflate,htslib/cram/cram_io.c,1313,,,TRUE
cram_uncompress_block,htslib/cram/cram_io.c,1576,,,TRUE
cram_ref_decr_locked,htslib/cram/cram_io.c,3189,,,TRUE
cram_ref_decr,htslib/cram/cram_io.c,3213,,,TRUE
fai_insert_index,htslib/faidx.c,93,,,FALSE
fai_destroy,htslib/faidx.c,448,,,TRUE
bgzf_htell,htslib/bgzf.c,993,,,TRUE
unpackInt16,htslib/bgzf.c,302,,,TRUE
bgzf_uncompress,htslib/bgzf.c,730,,,TRUE
bgzf_uncompress,htslib/bgzf.c,762,,,TRUE
inflate_block,htslib/bgzf.c,808,,,TRUE
inflate_gzip_block,htslib/bgzf.c,829,,,FALSE
check_header,htslib/bgzf.c,896,,,TRUE
load_block_from_cache,htslib/bgzf.c,918,,,FALSE
cache_block,htslib/bgzf.c,940,,,FALSE
hts_tpool_next_result_locked,htslib/thread_pool.c,149,,,FALSE
hts_tpool_next_result_wait,htslib/thread_pool.c,224,,,TRUE
hts_tpool_result_data,htslib/thread_pool.c,358,,,TRUE
bgzf_read_block,htslib/bgzf.c,1004,,,TRUE
bgzf_getc,htslib/bgzf.c,2277,,,TRUE
bgzf_utell,htslib/bgzf.c,2613,,,TRUE
fai_build_core,htslib/faidx.c,132,,,FALSE
hputs2,htslib/hfile.c,440,,,TRUE
hputs,htslib/htslib/hfile.h,275,,,TRUE
fai_save,htslib/faidx.c,352,,,FALSE
bgzf_index_build_init,htslib/bgzf.c,2345,,,TRUE
get_name_suffix,htslib/bgzf.c,2376,,,TRUE
hwrite_uint64,htslib/bgzf.c,2369,,,TRUE
bgzf_index_dump_hfile,htslib/bgzf.c,2385,,,TRUE
bgzf_index_dump,htslib/bgzf.c,2419,,,TRUE
kputd,htslib/kstring.c,38,,,TRUE
kvsprintf,htslib/kstring.c,142,,,TRUE
ksprintf,htslib/kstring.c,177,,,FALSE
fai_build3_core,htslib/faidx.c,460,,,FALSE
fai_build3,htslib/faidx.c,557,,,TRUE
fai_build,htslib/faidx.c,562,,,TRUE
hread_uint64,htslib/bgzf.c,2465,,,TRUE
bgzf_index_load_hfile,htslib/bgzf.c,2472,,,TRUE
bgzf_index_load,htslib/bgzf.c,2506,,,TRUE
hisremote,htslib/hfile.c,1345,,,TRUE
bgzf_open_ref,htslib/cram/cram_io.c,2503,,,TRUE
refs_create,htslib/cram/cram_io.c,2467,,,TRUE
isspace_c,htslib/textutils_internal.h,176,,,TRUE
hgetdelim,htslib/hfile.c,241,,,TRUE
hgetln,htslib/htslib/hfile.h,195,,,TRUE
hgets,htslib/hfile.c,291,,,TRUE
refs_load_fai,htslib/cram/cram_io.c,2541,,,TRUE
sanitise_SQ_lines,htslib/cram/cram_io.c,2693,,,TRUE
refs2id,htslib/cram/cram_io.c,2737,,,TRUE
expand_cache_path,htslib/cram/cram_io.c,2884,,,TRUE
is_directory,htslib/cram/cram_io.c,2873,,,TRUE
mkdir_prefix,htslib/cram/cram_io.c,2947,2,self,TRUE
mfdetach,htslib/cram/mFILE.c,389,,,TRUE
mfsteal,htslib/cram/mFILE.c,428,,,TRUE
tokenise_search_path,htslib/cram/open_trace_file.c,108,,,TRUE
mfcreate,htslib/cram/mFILE.c,207,,,TRUE
mrewind,htslib/cram/mFILE.c,475,,,TRUE
mfwrite,htslib/cram/mFILE.c,527,,,TRUE
expand_path,htslib/cram/open_trace_file.c,230,,,TRUE
find_file_url,htslib/cram/open_trace_file.c,182,,,TRUE
mfload,htslib/cram/mFILE.c,75,,,TRUE
mfmmap,htslib/cram/mFILE.c,127,,,TRUE
mfreopen,htslib/cram/mFILE.c,264,,,TRUE
mfopen,htslib/cram/mFILE.c,347,,,TRUE
is_file,htslib/cram/open_trace_file.c,90,,,TRUE
find_file_dir,htslib/cram/open_trace_file.c,314,,,TRUE
open_path_mfile,htslib/cram/open_trace_file.c,352,,,TRUE
find_path,htslib/cram/open_trace_file.c,433,,,TRUE
body,htslib/md5.c,119,,,TRUE
hts_md5_update,htslib/md5.c,237,,,TRUE
hts_md5_final,htslib/md5.c,271,,,TRUE
hts_md5_reset,htslib/md5.c,226,,,TRUE
hts_md5_reset,htslib/md5.c,355,,,TRUE
hts_md5_init,htslib/md5.c,323,,,TRUE
hts_md5_init,htslib/md5.c,344,,,TRUE
hts_md5_update,htslib/md5.c,360,,,TRUE
hts_md5_final,htslib/md5.c,365,,,TRUE
hts_md5_destroy,htslib/md5.c,372,,,TRUE
hts_md5_hex,htslib/md5.c,380,,,TRUE
ks_clear,htslib/htslib/kstring.h,215,,,TRUE
hts_open_tmpfile,htslib/hts.c,1979,,,TRUE
cram_populate_ref,htslib/cram/cram_io.c,2977,,,FALSE
cram_ref_incr_locked,htslib/cram/cram_io.c,3169,,,TRUE
toupper_c,htslib/textutils_internal.h,180,,,TRUE
bgzf_read,htslib/bgzf.c,1241,,,TRUE
bgzf_seek_common,htslib/bgzf.c,2175,,,FALSE
bgzf_useek,htslib/bgzf.c,2544,,,TRUE
load_ref_portion,htslib/cram/cram_io.c,3228,,,TRUE
cram_ref_load,htslib/cram/cram_io.c,3323,,,TRUE
cram_get_ref,htslib/cram/cram_io.c,3409,,,FALSE
cram_codec_to_id,htslib/cram/cram_codecs.c,3968,3,self,TRUE
cram_dependent_data_series,htslib/cram/cram_decode.c,553,,,FALSE
cram_ds_unique,htslib/cram/cram_decode.c,876,,,FALSE
cram_get_block_by_id,htslib/cram/cram_io.h,183,,,TRUE
cram_decode_estimate_sizes,htslib/cram/cram_decode.c,912,,,FALSE
add_md_char,htslib/cram/cram_decode.c,1080,,,FALSE
cram_decode_seq,htslib/cram/cram_decode.c,1096,,,FALSE
map_find,htslib/cram/cram_decode.c,1926,,,FALSE
cram_decode_aux_1_0,htslib/cram/cram_decode.c,1939,,,FALSE
sam_hdr_line_name,htslib/header.c,2235,,,TRUE
aux_ele_size,htslib/cram/cram_decode.c,1989,,,TRUE
cram_decode_aux,htslib/cram/cram_decode.c,2008,,,FALSE
cram_decode_slice_xref,htslib/cram/cram_decode.c,2140,,,FALSE
md5_print,htslib/cram/cram_decode.c,2305,,,TRUE
cram_decode_tlen,htslib/cram/cram_decode.c,2322,,,FALSE
ks_initialize,htslib/htslib/kstring.h,157,,,TRUE
ks_free,htslib/htslib/kstring.h,234,,,TRUE
cram_decode_slice,htslib/cram/cram_decode.c,2346,,,FALSE
lazy_flush,htslib/bgzf.c,1927,,,FALSE
lazy_flush,htslib/bgzf.c,1942,,,TRUE
bgzf_write,htslib/bgzf.c,2002,,,TRUE
cram_index_build_multiref,htslib/cram/cram_index.c,632,,,FALSE
cram_index_slice,htslib/cram/cram_index.c,695,,,FALSE
cram_flush_container2,htslib/cram/cram_io.c,4087,,,FALSE
hts_tpool_next_result,htslib/thread_pool.c,200,,,TRUE
cram_flush_result,htslib/cram/cram_io.c,4166,,,FALSE
sub_idx,htslib/cram/cram_encode.c,70,,,TRUE
itf8_put_blk,htslib/cram/cram_io.c,620,,,TRUE
cram_new_block,htslib/cram/cram_io.c,1388,,,TRUE
cram_encode_compression_header,htslib/cram/cram_encode.c,83,,,FALSE
cram_encode_slice_header,htslib/cram/cram_encode.c,511,,,FALSE
cram_encode_slice_read,htslib/cram/cram_encode.c,572,,,FALSE
libdeflate_deflate,htslib/cram/cram_io.c,1113,,,FALSE
zlib_mem_deflate,htslib/cram/cram_io.c,1222,,,TRUE
lzma_mem_deflate,htslib/cram/cram_io.c,1295,,,TRUE
cram_compress_by_method,htslib/cram/cram_io.c,1756,,,FALSE
cram_block_method2str,htslib/cram/cram_io.c,2341,,,TRUE
cram_compress_block3,htslib/cram/cram_io.c,1912,4,self,FALSE
cram_compress_block2,htslib/cram/cram_io.c,2316,,,FALSE
cram_compress_slice,htslib/cram/cram_encode.c,803,,,FALSE
cram_allocate_block,htslib/cram/cram_encode.c,1005,5,self,FALSE
cram_encode_slice,htslib/cram/cram_encode.c,1096,,,FALSE
bam_data_end,htslib/cram/cram_encode.c,1246,,,TRUE
le_to_u16,htslib/htslib/hts_endian.h,129,,,TRUE
le_to_i16,htslib/htslib/hts_endian.h,240,,,TRUE
le_to_i32,htslib/htslib/hts_endian.h,251,,,TRUE
bam_aux2i_end,htslib/cram/cram_encode.c,1253,,,TRUE
aux_type2size,htslib/sam.c,737,,,TRUE
skip_aux,htslib/sam.c,4793,,,TRUE
bam_aux_first,htslib/sam.c,4819,,,TRUE
bam_aux_next,htslib/sam.c,4827,,,TRUE
bam_aux_get,htslib/sam.c,4842,,,TRUE
expected_template_count,htslib/cram/cram_encode.c,1301,,,TRUE
lossy_read_names,htslib/cram/cram_encode.c,1340,,,FALSE
cram_stats_add,htslib/cram/cram_stats.c,52,,,TRUE
add_read_names,htslib/cram/cram_encode.c,1433,,,FALSE
extend_ref,htslib/cram/cram_encode.c,1504,,,FALSE
next_cigar_op,htslib/cram/cram_encode.c,1476,,,TRUE
hts_str2uint,htslib/textutils_internal.h,297,,,TRUE
bam_cigar2rlen,htslib/sam.c,663,,,TRUE
cram_add_to_ref_MD,htslib/cram/cram_encode.c,1553,,,FALSE
cram_add_to_ref,htslib/cram/cram_encode.c,1659,,,FALSE
cram_generate_reference,htslib/cram/cram_encode.c,1733,,,FALSE
validate_md5,htslib/cram/cram_encode.c,1794,,,FALSE
sam_hrecs_find_rg,htslib/header.c,3068,,,FALSE
cram_add_feature,htslib/cram/cram_encode.c,2574,,,FALSE
cram_add_substitution,htslib/cram/cram_encode.c,2601,,,FALSE
cram_add_bases,htslib/cram/cram_encode.c,2628,,,FALSE
cram_add_base,htslib/cram/cram_encode.c,2641,,,FALSE
cram_add_quality,htslib/cram/cram_encode.c,2658,,,FALSE
cram_add_deletion,htslib/cram/cram_encode.c,2673,,,FALSE
cram_add_softclip,htslib/cram/cram_encode.c,2683,,,FALSE
cram_add_hardclip,htslib/cram/cram_encode.c,2719,,,FALSE
cram_add_skip,htslib/cram/cram_encode.c,2729,,,FALSE
cram_add_pad,htslib/cram/cram_encode.c,2739,,,FALSE
cram_add_insertion,htslib/cram/cram_encode.c,2749,,,FALSE
cram_new_metrics,htslib/cram/cram_io.c,2327,,,TRUE
cram_encoding2str,htslib/cram/cram_codecs.c,3811,,,TRUE
cram_encoder_init,htslib/cram/cram_codecs.c,3928,,,TRUE
cram_stats_dump,htslib/cram/cram_stats.c,105,,,TRUE
cram_stats_encoding,htslib/cram/cram_stats.c,134,,,TRUE
cram_encode_aux,htslib/cram/cram_encode.c,2784,,,FALSE
cram_stats_del,htslib/cram/cram_stats.c,80,,,TRUE
nibble2base_default,htslib/sam_internal.h,72,,,TRUE
nibble2base,htslib/sam_internal.h,111,,,TRUE
kputc_,htslib/htslib/kstring.h,268,,,TRUE
kputuw,htslib/htslib/kstring.h,286,,,TRUE
process_one_read,htslib/cram/cram_encode.c,3385,,,FALSE
cram_ref_incr,htslib/cram/cram_io.c,3183,,,TRUE
cram_encode_container,htslib/cram/cram_encode.c,1846,,,FALSE
cram_flush_container,htslib/cram/cram_io.c,4141,,,FALSE
reset_metrics,htslib/cram/cram_io.c,4236,,,TRUE
hts_tpool_dispatch2,htslib/thread_pool.c,841,,,TRUE
cram_flush_container_mt,htslib/cram/cram_io.c,4273,,,FALSE
cram_free_file_def,htslib/cram/cram_io.c,4698,,,TRUE
cram_index_free_recurse,htslib/cram/cram_index.c,363,6,self,FALSE
cram_index_free,htslib/cram/cram_index.c,373,,,FALSE
hts_tpool_process_empty,htslib/thread_pool.c,258,,,TRUE
cram_drain_rqueue,htslib/cram/cram_decode.c,3632,,,FALSE
sam_hdr_destroy,htslib/sam.c,117,,,TRUE
cram_write_eof_block,htslib/cram/cram_io.c,5472,7,mutual,FALSE
cram_close,htslib/cram/cram_io.c,5556,7,mutual,FALSE
cram_eof,htslib/cram/cram_io.c,5662,,,TRUE
hts_filter_free,htslib/hts_expr.c,863,,,TRUE
hts_idx_destroy,htslib/hts.c,2687,,,TRUE
idx_write_uint64,htslib/hts.c,2733,,,TRUE
need_idx_ugly_delay_hack,htslib/hts.c,2748,,,TRUE
hts_idx_close_otf_fp,htslib/hts.c,2910,,,TRUE
sam_free_sp_bams,htslib/sam.c,3076,,,TRUE
bam_hdr_destroy,htslib/htslib/sam.h,401,,,TRUE
hts_tpool_process_shutdown,htslib/thread_pool.c,327,,,TRUE
hts_tpool_dispatch,htslib/thread_pool.c,829,,,TRUE
sam_state_destroy,htslib/sam.c,3092,,,TRUE
fastq_state_destroy,htslib/sam.c,3802,,,TRUE
hts_close,htslib/hts.c,1639,,,TRUE
hts_close_or_abort,htslib/test/fuzz/hts_open_fuzzer.c,40,,,TRUE
sam_hdr_count_lines,htslib/header.c,2142,,,TRUE
refs_from_header,htslib/cram/cram_io.c,2768,,,TRUE
cram_read_file_def,htslib/cram/cram_io.c,4660,,,TRUE
redact_header_text,htslib/header.c,1530,,,TRUE
sam_hdr_add_lines,htslib/header.c,1657,,,TRUE
int32_decode,htslib/cram/cram_io.c,1005,,,TRUE
int32_get_blk,htslib/cram/cram_io.c,1029,,,TRUE
hgetc2,htslib/hfile.c,235,,,TRUE
hgetc,htslib/htslib/hfile.h,163,,,TRUE
cram_read_block,htslib/cram/cram_io.c,1414,,,TRUE
cram_read_container,htslib/cram/cram_io.c,3786,,,FALSE
sam_hdr_init,htslib/sam.c,108,,,TRUE
cram_read_SAM_hdr,htslib/cram/cram_io.c,4715,,,FALSE
cram_init_varint,htslib/cram/cram_io.c,5127,,,TRUE
cram_init_tables,htslib/cram/cram_io.c,5170,,,TRUE
cram_dopen,htslib/cram/cram_io.c,5287,,,FALSE
cram_load_reference,htslib/cram/cram_io.c,3597,,,TRUE
cram_seek,htslib/cram/cram_io.c,5429,,,FALSE
cram_index_query,htslib/cram/cram_index.c,404,,,FALSE
cram_seek_to_refpos,htslib/cram/cram_index.c,572,,,FALSE
cram_set_voption,htslib/cram/cram_io.c,5692,,,FALSE
cram_set_option,htslib/cram/cram_io.c,5674,,,FALSE
free_part,htslib/multipart.c,53,,,TRUE
free_all_parts,htslib/multipart.c,66,,,TRUE
dehex,htslib/textutils.c,37,,,TRUE
encode_utf8,htslib/textutils.c,103,,,TRUE
fscan_string,htslib/textutils.c,164,,,TRUE
token_type,htslib/textutils.c,202,,,TRUE
hts_json_fnext,htslib/textutils.c,292,,,TRUE
skip_value,htslib/textutils.c,338,,,TRUE
hts_json_fskip_value,htslib/textutils.c,402,,,TRUE
ks_release,htslib/htslib/kstring.h,225,,,TRUE
parse_ga4gh_body_json,htslib/multipart.c,149,,,TRUE
parse_ga4gh_redirect_json,htslib/multipart.c,220,,,TRUE
hopen_htsget_redirect,htslib/multipart.c,241,,,FALSE
bgzf_hopen,htslib/bgzf.c,539,,,TRUE
format_category,htslib/hts.c,269,,,TRUE
find_file_extension,htslib/hts_internal.h,140,,,TRUE
decompress_peek_gz,htslib/hts.c,313,,,TRUE
decompress_peek_xz,htslib/hts.c,356,,,TRUE
isdigit_c,htslib/textutils_internal.h,171,,,TRUE
parse_version,htslib/hts.c,388,,,TRUE
cmp_nonblank,htslib/hts.c,414,,,TRUE
is_text_only,htslib/hts.c,428,,,TRUE
is_fastaq,htslib/hts.c,458,,,TRUE
parse_tabbed_text,htslib/hts.c,483,,,TRUE
colmatch,htslib/hts.c,540,,,TRUE
hts_detect_format2,htslib/hts.c,556,,,TRUE
cram_hfile,htslib/cram/cram_io.h,646,,,TRUE
bgzf_hfile,htslib/bgzf.c,2619,,,TRUE
hts_hfile,htslib/hts.c,1774,,,TRUE
hts_get_bgzfp,htslib/hts.c,2008,,,TRUE
sam_state_create,htslib/sam.c,3048,,,TRUE
sam_set_thread_pool,htslib/sam.c,3719,,,TRUE
sam_set_threads,htslib/sam.c,3746,,,TRUE
bgzf_set_cache_size,htslib/bgzf.c,2126,,,TRUE
hts_set_cache_size,htslib/hts.c,1945,,,TRUE
hts_filter_init,htslib/hts_expr.c,849,,,TRUE
hts_set_filter_expression,htslib/hts.c,1967,,,TRUE
fastq_state_init,htslib/sam.c,3786,,,TRUE
fastq_state_set,htslib/sam.c,3815,,,TRUE
hts_set_opt,htslib/hts.c,1791,8,mutual,FALSE
hts_set_threads,htslib/hts.c,1922,8,mutual,TRUE
hts_set_thread_pool,htslib/hts.c,1934,8,mutual,TRUE
hts_opt_apply,htslib/hts.c,1247,,,TRUE
hts_opt_free,htslib/hts.c,1279,,,TRUE
hts_opt_add,htslib/hts.c,1021,,,TRUE
hts_parse_opt_list,htslib/hts.c,1300,,,TRUE
hts_process_opts,htslib/hts.c,1413,,,TRUE
hts_crypt4gh_redirect,htslib/hts.c,1430,,,TRUE
hts_hopen,htslib/hts.c,1463,,,TRUE
hts_set_fai_filename,htslib/hts.c,1951,,,TRUE
bam_init1,htslib/sam.c,431,,,TRUE
bam_get_mempolicy,htslib/htslib/sam.h,966,,,TRUE
bam_destroy1,htslib/sam.c,469,,,TRUE
sam_hdr_incr_ref,htslib/header.c,2717,,,TRUE
build_header_line,htslib/header.c,743,,,FALSE
sam_hrecs_rebuild_lines,htslib/header.c,758,,,FALSE
sam_hrecs_rebuild_text,htslib/header.c,2376,,,FALSE
sam_hdr_dup_sdict,htslib/sam.c,144,,,TRUE
sam_hdr_dup,htslib/sam.c,169,,,TRUE
hclearerr,htslib/htslib/hfile.h,140,,,TRUE
bgzf_check_EOF_common,htslib/bgzf.c,1542,,,FALSE
bgzf_check_EOF,htslib/bgzf.c,2132,,,TRUE
ed_swap_4,htslib/htslib/hts.h,1581,,,TRUE
ed_swap_4p,htslib/htslib/hts.h,1586,,,TRUE
bam_hdr_read,htslib/sam.c,229,,,TRUE
sam_hdr_sanitise,htslib/sam.c,1842,,,TRUE
valid_sam_header_type,htslib/header.c,1325,,,TRUE
bgzf_peek,htslib/bgzf.c,1294,,,TRUE
ks_expand,htslib/htslib/kstring.h,179,,,TRUE
bgzf_getline,htslib/bgzf.c,2299,,,TRUE
herrno,htslib/htslib/hfile.h,134,,,TRUE
kgetline2,htslib/kstring.c,306,,,TRUE
hts_getline,htslib/hts.c,2035,,,TRUE
kputll,htslib/htslib/kstring.h,384,,,TRUE
kgetline,htslib/kstring.c,270,,,TRUE
khgetline,htslib/hfile.c,306,,,TRUE
sam_hdr_build_from_sam_file,htslib/header.c,1353,,,FALSE
sam_hdr_create,htslib/sam.c,1907,,,TRUE
sam_hdr_read,htslib/sam.c,1925,,,TRUE
cram_set_header2,htslib/cram/cram_io.c,2852,,,TRUE
sam_hdr_link_pg,htslib/header.c,2468,,,FALSE
ks_len,htslib/htslib/kstring.h,204,,,TRUE
sam_hdr_rebuild,htslib/header.c,1604,,,FALSE
sam_hdr_length,htslib/header.c,1578,,,TRUE
sam_hdr_str,htslib/header.c,1585,,,TRUE
sam_hdr_add_line,htslib/header.c,1692,,,FALSE
check_for_name_update,htslib/header.c,1866,,,FALSE
sam_hdr_update_line,htslib/header.c,1909,,,FALSE
int32_put_blk,htslib/cram/cram_io.c,1045,,,TRUE
cram_compress_block,htslib/cram/cram_io.c,2322,,,FALSE
cram_new_compression_header,htslib/cram/cram_io.c,4330,,,TRUE
cram_stats_create,htslib/cram/cram_stats.c,48,,,TRUE
cram_new_container,htslib/cram/cram_io.c,3637,,,TRUE
cram_write_file_def,htslib/cram/cram_io.c,4694,,,TRUE
full_path,htslib/cram/cram_io.c,4850,,,TRUE
cram_write_SAM_hdr,htslib/cram/cram_io.c,4889,,,FALSE
bam_hdr_write,htslib/sam.c,344,,,TRUE
kputw,htslib/htslib/kstring.h,371,,,TRUE
sam_hdr_write,htslib/sam.c,1967,,,TRUE
ws,htslib/hts_expr.c,72,,,TRUE
hts_str2dbl,htslib/textutils_internal.h,354,,,TRUE
expr_func_length,htslib/hts_expr.c,88,,,TRUE
expr_func_min,htslib/hts_expr.c,97,,,TRUE
expr_func_max,htslib/hts_expr.c,114,,,TRUE
expr_func_avg,htslib/hts_expr.c,131,,,TRUE
hts_expr_val_exists,htslib/htslib/hts_expr.h,65,,,TRUE
hts_expr_val_existsT,htslib/htslib/hts_expr.h,71,,,TRUE
hts_expr_val_undef,htslib/htslib/hts_expr.h,76,,,TRUE
hts_expr_val_free,htslib/htslib/hts_expr.h,84,,,TRUE
func_expr,htslib/hts_expr.c,154,9,mutual,FALSE
simple_expr,htslib/hts_expr.c,284,9,mutual,FALSE
unary_expr,htslib/hts_expr.c,364,9,mutual,FALSE
mul_expr,htslib/hts_expr.c,423,9,mutual,FALSE
add_expr,htslib/hts_expr.c,470,9,mutual,FALSE
bitand_expr,htslib/hts_expr.c,515,9,mutual,FALSE
bitxor_expr,htslib/hts_expr.c,550,9,mutual,FALSE
bitor_expr,htslib/hts_expr.c,585,9,mutual,FALSE
cmp_expr,htslib/hts_expr.c,623,9,mutual,FALSE
eq_expr,htslib/hts_expr.c,696,9,mutual,FALSE
and_expr,htslib/hts_expr.c,795,9,mutual,FALSE
expression,htslib/hts_expr.c,844,9,mutual,FALSE
hts_filter_eval_,htslib/hts_expr.c,875,,,FALSE
hts_filter_eval2,htslib/hts_expr.c,920,,,TRUE
sam_passes_filter,htslib/sam.c,1535,,,TRUE
bam_set_mempolicy,htslib/htslib/sam.h,957,,,TRUE
sam_realloc_bam_data,htslib/sam.c,436,,,TRUE
realloc_bam_data,htslib/sam_internal.h,47,,,TRUE
bam_cigar2rqlens,htslib/sam.c,508,,,TRUE
subtract_check_underflow,htslib/sam.c,521,,,TRUE
bam_set1,htslib/sam.c,531,,,TRUE
isprint_c,htslib/textutils_internal.h,174,,,TRUE
hts_strprint,htslib/textutils.c,452,,,TRUE
hts_str2int,htslib/textutils_internal.h,218,,,TRUE
possibly_expand_bam_data,htslib/sam_internal.h,53,,,TRUE
grow_B_array,htslib/sam.c,2221,,,TRUE
sam_parse_Bc_vals,htslib/sam.c,2244,,,TRUE
sam_parse_BC_vals,htslib/sam.c,2258,,,TRUE
i16_to_le,htslib/htslib/hts_endian.h,274,,,TRUE
sam_parse_Bs_vals,htslib/sam.c,2278,,,TRUE
sam_parse_BS_vals,htslib/sam.c,2293,,,TRUE
u32_to_le,htslib/htslib/hts_endian.h,190,,,TRUE
i32_to_le,htslib/htslib/hts_endian.h,282,,,TRUE
sam_parse_Bi_vals,htslib/sam.c,2314,,,TRUE
sam_parse_BI_vals,htslib/sam.c,2329,,,TRUE
float_to_le,htslib/htslib/hts_endian.h,338,,,TRUE
sam_parse_Bf_vals,htslib/sam.c,2350,,,TRUE
sam_parse_B_vals_r,htslib/sam.c,2364,10,self,TRUE
sam_parse_B_vals,htslib/sam.c,2490,,,TRUE
u64_to_le,htslib/htslib/hts_endian.h,205,,,TRUE
double_to_le,htslib/htslib/hts_endian.h,352,,,TRUE
aux_parse,htslib/sam.c,2524,,,TRUE
aux_to_le,htslib/sam.c,4717,11,self,TRUE
bam_aux_append,htslib/sam.c,4761,,,TRUE
fastq_parse1,htslib/sam.c,3927,,,TRUE
bam_endpos,htslib/sam.c,673,,,TRUE
hts_reg2bin,htslib/htslib/hts.h,1516,,,TRUE
bam_tag2cigar,htslib/sam.c,680,,,TRUE
swap_data,htslib/sam.c,755,,,TRUE
fixup_missing_qname_nul,htslib/sam.c,763,,,TRUE
bgzf_read_small,htslib/htslib/bgzf.h,151,,,TRUE
bam_read1,htslib/sam.c,784,,,TRUE
sam_read1_bam,htslib/sam.c,4132,,,TRUE
append_uint32,htslib/cram/cram_io.h,288,,,TRUE
append_sub32,htslib/cram/cram_io.h,326,,,TRUE
append_uint64,htslib/cram/cram_io.h,340,,,TRUE
cram_to_bam,htslib/cram/cram_decode.c,3100,,,FALSE
sam_hrecs_sort_order,htslib/header.c,3128,,,FALSE
cram_content_type2str,htslib/cram/cram_io.c,2378,,,TRUE
cram_decode_slice_header,htslib/cram/cram_decode.c,954,,,FALSE
cram_read_slice,htslib/cram/cram_io.c,4566,,,FALSE
cram_decode_TD,htslib/cram/cram_decode.c,70,,,FALSE
cram_decoder_init,htslib/cram/cram_codecs.c,3872,,,TRUE
cram_decode_compression_header,htslib/cram/cram_decode.c,144,,,FALSE
hts_tpool_process_sz,htslib/thread_pool.c,303,,,TRUE
cram_decode_slice_mt,htslib/cram/cram_decode.c,3047,,,FALSE
cram_first_slice,htslib/cram/cram_decode.c,3212,,,FALSE
hts_tpool_process_len,htslib/thread_pool.c,289,,,TRUE
hts_tpool_process_qsize,htslib/thread_pool.c,1081,,,TRUE
cram_next_slice,htslib/cram/cram_decode.c,3268,,,FALSE
cram_get_seq,htslib/cram/cram_decode.c,3549,,,FALSE
cram_get_bam_seq,htslib/cram/cram_decode.c,3615,,,FALSE
sam_read1_cram,htslib/sam.c,4145,,,TRUE
bgzf_seek,htslib/bgzf.c,2241,,,TRUE
bam_copy1,htslib/sam.c,486,,,TRUE
bam_cigar2qlen,htslib/sam.c,653,,,TRUE
parse_sam_flag,htslib/sam.c,2498,,,TRUE
read_ncigar,htslib/sam.c,2844,,,TRUE
parse_cigar,htslib/sam.c,2866,,,TRUE
bam_parse_cigar,htslib/sam.c,2928,,,TRUE
sam_hdr_name2tid,htslib/header.c,2392,,,TRUE
bam_name2id,htslib/htslib/sam.h,780,,,TRUE
sam_parse1,htslib/sam.c,2662,,,TRUE
sam_read1_sam,htslib/sam.c,4157,,,TRUE
sam_read1,htslib/sam.c,4267,,,TRUE
sam_hdr_tid2len,htslib/header.c,2428,,,TRUE
cram_new_slice,htslib/cram/cram_io.c,4504,,,FALSE
cram_next_container,htslib/cram/cram_encode.c,3295,,,FALSE
bam_dup1,htslib/sam.c,496,,,TRUE
cram_put_bam_seq,htslib/cram/cram_encode.c,4045,,,FALSE
idx_format_name,htslib/hts.c,2270,,,TRUE
hts_bin_maxpos,htslib/htslib/hts.h,1557,,,TRUE
hts_idx_maxpos,htslib/hts.c,2533,,,TRUE
hts_idx_check_range,htslib/hts.c,2538,,,TRUE
insert_to_b,htslib/hts.c,2320,,,TRUE
insert_to_l,htslib/hts.c,2347,,,TRUE
hts_idx_push,htslib/hts.c,2558,,,TRUE
bgzf_idx_push,htslib/bgzf.c,189,,,FALSE
bgzf_flush_try,htslib/bgzf.c,1996,,,TRUE
hts_idx_amend_last,htslib/hts.c,2682,,,TRUE
bgzf_write_small,htslib/htslib/bgzf.h,183,,,TRUE
bam_write1,htslib/sam.c,862,,,TRUE
bam_write_idx1,htslib/sam.c,933,,,TRUE
add33,htslib/sam.c,4317,,,TRUE
kputsn_,htslib/htslib/kstring.h,276,,,TRUE
le_to_float,htslib/htslib/hts_endian.h,308,,,TRUE
le_to_u64,htslib/htslib/hts_endian.h,158,,,TRUE
le_to_double,htslib/htslib/hts_endian.h,324,,,TRUE
sam_format_aux1,htslib/htslib/sam.h,1463,,,TRUE
sam_format1_append,htslib/sam.c,4324,,,TRUE
sam_format1,htslib/sam.c,4406,,,TRUE
islower_c,htslib/textutils_internal.h,173,,,TRUE
isupper_c,htslib/textutils_internal.h,177,,,TRUE
fastq_format1,htslib/sam.c,4413,,,TRUE
sam_write1,htslib/sam.c,4553,,,TRUE
view_sam,htslib/test/fuzz/hts_open_fuzzer.c,46,,,FALSE
get_hdr_aux,htslib/vcf.c,125,,,TRUE
bcf_hrec_destroy,htslib/vcf.c,351,,,TRUE
bcf_hdr_destroy,htslib/vcf.c,1674,,,TRUE
bcf_hdr_incr_ref,htslib/vcf.c,196,,,TRUE
bcf_hdr_add_sample_len,htslib/vcf.c,232,,,TRUE
bcf_hdr_parse_sample_line,htslib/vcf.c,286,,,TRUE
bcf_hdr_sync,htslib/vcf.c,316,,,TRUE
isxdigit_c,htslib/textutils_internal.h,178,,,TRUE
is_escaped,htslib/hfile_s3.c,460,,,TRUE
bcf_hrec_add_key,htslib/vcf.c,440,,,TRUE
bcf_hrec_set_val,htslib/vcf.c,461,,,TRUE
is_escaped,htslib/vcf.c,647,,,TRUE
bcf_hdr_parse_line,htslib/vcf.c,654,,,TRUE
bcf_hrec_find_key,htslib/vcf.c,519,,,TRUE
bcf_hdr_get_hrec,htslib/vcf.c,1209,,,TRUE
bcf_hdr_get_version,htslib/vcf.c,1596,,,TRUE
bcf_get_version,htslib/vcf.c,145,,,TRUE
bcf_hrec_set_type,htslib/vcf.c,527,,,TRUE
bcf_hrec_check,htslib/vcf.c,596,,,TRUE
hrec_add_idx,htslib/vcf.c,495,,,TRUE
bcf_hdr_set_idx,htslib/vcf.c,796,,,FALSE
bcf_hdr_register_hrec,htslib/vcf.c,831,,,FALSE
bcf_hdr_unregister_hrec,htslib/vcf.c,1026,,,FALSE
bcf_hdr_add_hrec,htslib/vcf.c,1124,,,TRUE
bcf_hdr_id2int,htslib/vcf.c,4621,,,TRUE
bcf_hdr_check_sanity,htslib/vcf.c,1269,,,FALSE
bcf_hdr_parse,htslib/vcf.c,1410,,,TRUE
bcf_hdr_append,htslib/vcf.c,1491,,,TRUE
bcf_hdr_init,htslib/vcf.c,1635,,,TRUE
add_missing_contig_hrec,htslib/vcf.c,2571,,,TRUE
tbx_destroy,htslib/tbx.c,512,,,TRUE
hts_idx_get_meta,htslib/hts.c,3084,,,TRUE
hts_idx_init,htslib/hts.c,2405,,,TRUE
hts_bin_level,htslib/htslib/hts.h,1525,,,TRUE
idx_dump,htslib/hts.c,2281,,,TRUE
hts_bin_bot,htslib/htslib/hts.h,1550,,,TRUE
update_loff,htslib/hts.c,2431,,,TRUE
swap_bins,htslib/hts.c,2739,,,TRUE
idx_read_core,htslib/hts.c,2925,,,TRUE
idx_read,htslib/hts.c,2990,,,TRUE
idx_test_and_fetch,htslib/hts.c,4623,,,TRUE
hts_idx_check_local,htslib/hts.c,4756,,,TRUE
strip_extension,htslib/hfile.c,1353,,,TRUE
haddextension,htslib/hfile.c,1364,,,TRUE
idx_filename,htslib/hts.c,4885,,,TRUE
idx_find_and_load,htslib/hts.c,4925,12,mutual,TRUE
hts_idx_load3,htslib/hts.c,4987,12,mutual,TRUE
get_tid,htslib/tbx.c,64,,,TRUE
index_load,htslib/tbx.c,552,,,TRUE
link_index_,htslib/cram/cram_index.c,92,13,self,FALSE
link_index,htslib/cram/cram_index.c,108,,,FALSE
kget_int32,htslib/cram/cram_index.c,120,,,TRUE
kget_int64,htslib/cram/cram_index.c,145,,,TRUE
hts_idx_getfn,htslib/hts.c,4915,,,TRUE
cram_index_load,htslib/cram/cram_index.c,176,,,FALSE
index_load,htslib/sam.c,1649,,,TRUE
tbx_index_load3,htslib/tbx.c,599,,,TRUE
tbx_seqnames,htslib/tbx.c,614,,,TRUE
kputl,htslib/htslib/kstring.h,445,,,TRUE
vcf_hdr_read,htslib/vcf.c,2594,,,TRUE
bgzf_set_private_data,htslib/bgzf_internal.h,51,,,TRUE
bcf_hdr_read,htslib/vcf.c,1710,,,TRUE
_bcf_hrec_format,htslib/vcf.c,2712,,,TRUE
bcf_hdr_format,htslib/vcf.c,2740,,,TRUE
vcf_hdr_write,htslib/vcf.c,2811,,,TRUE
bcf_hdr_write,htslib/vcf.c,1771,,,TRUE
bcf_init,htslib/vcf.c,1815,,,TRUE
bcf_destroy,htslib/vcf.c,1867,,,TRUE
bcf_read1_core,htslib/vcf.c,1874,,,FALSE
le_to_i64,htslib/htslib/hts_endian.h,262,,,TRUE
bcf_dec_typed_int1_safe,htslib/vcf.c,1918,,,TRUE
bcf_dec_size_safe,htslib/vcf.c,1950,,,TRUE
get_type_name,htslib/vcf.c,1965,,,TRUE
updatephasing,htslib/vcf.c,1985,,,TRUE
bcf_hdr_id2name,htslib/htslib/vcf.h,1222,,,TRUE
bcf_seqname,htslib/htslib/vcf.h,1227,,,TRUE
bcf_seqname_safe,htslib/htslib/vcf.h,1238,,,TRUE
bcf_record_check_err,htslib/vcf.c,2031,,,TRUE
le_to_i8,htslib/htslib/hts_endian.h,230,,,TRUE
bcf_dec_int1,htslib/htslib/vcf.h,1630,,,TRUE
bcf_dec_typed_int1,htslib/htslib/vcf.h,1665,,,TRUE
bcf_dec_size,htslib/htslib/vcf.h,1670,,,TRUE
bcf_unpack_fmt_core1,htslib/vcf.c,4178,,,TRUE
bcf_unpack_info_core1,htslib/vcf.c,4192,,,TRUE
bcf_fmt_array,htslib/vcf.c,3036,,,TRUE
bcf_fmt_sized_array,htslib/vcf.c,3081,,,TRUE
bcf_unpack,htslib/vcf.c,4234,,,TRUE
bcf_get_fmt_id,htslib/vcf.c,6045,,,TRUE
bcf_get_fmt,htslib/vcf.c,6031,,,TRUE
bcf_get_info_id,htslib/vcf.c,6056,,,TRUE
bcf_get_info,htslib/vcf.c,6038,,,TRUE
svlen_on_ref_for_vcf_alt,htslib/hts_internal.h,181,,,TRUE
get_rlen,htslib/vcf.c,6420,,,FALSE
bcf_record_check,htslib/vcf.c,2040,,,FALSE
bcf_subset_format,htslib/vcf.c,2215,,,TRUE
vcf_read,htslib/vcf.c,4170,,,TRUE
bgzf_get_private_data,htslib/bgzf_internal.h,67,,,TRUE
bcf_read,htslib/vcf.c,2256,,,TRUE
bcf_enc_size,htslib/htslib/vcf.h,1540,,,TRUE
bcf_enc_vchar,htslib/vcf.c,2970,,,TRUE
bcf1_sync_id,htslib/vcf.c,2278,,,FALSE
bcf1_sync_alleles,htslib/vcf.c,2287,,,FALSE
bcf_enc_int1,htslib/htslib/vcf.h,1582,,,TRUE
bcf_enc_vint,htslib/vcf.c,2834,,,TRUE
bcf1_sync_filter,htslib/vcf.c,2298,,,FALSE
bcf1_sync_info,htslib/vcf.c,2308,,,FALSE
bcf1_sync,htslib/vcf.c,2332,,,FALSE
hts_idx_tbi_name,htslib/hts.c,2648,,,TRUE
vcf_write,htslib/vcf.c,4587,,,TRUE
add_desc_to_buffer,htslib/vcf.c,6287,,,TRUE
bcf_strerror,htslib/vcf.c,6304,,,TRUE
bcf_write,htslib/vcf.c,2510,,,TRUE
view_vcf,htslib/test/fuzz/hts_open_fuzzer.c,121,,,FALSE
hts_open_format,htslib/hts.c,891,,,TRUE
hts_open,htslib/hts.c,991,,,TRUE
view_sam,htslib/htsfile.c,64,,,FALSE
view_vcf,htslib/htsfile.c,108,,,FALSE
LLVMFuzzerTestOneInput,htslib/test/fuzz/hts_open_fuzzer.c,171,,,FALSE
push_digit,htslib/hts.c,3882,,,TRUE
hts_parse_decimal,htslib/hts.c,3889,,,TRUE
hts_memrchr,htslib/hts.c,3944,,,TRUE
hts_parse_region,htslib/hts.c,4000,,,TRUE
sam_parse_region,htslib/sam.c,422,,,TRUE
reg_expected,htslib/test/test-parse-reg.c,50,,,TRUE
reg_test,htslib/test/test-parse-reg.c,72,,,TRUE
main,htslib/test/test-parse-reg.c,145,,,FALSE
to_hex,htslib/test/hts_endian.c,149,,,TRUE
t16_bit,htslib/test/hts_endian.c,159,,,TRUE
t32_bit,htslib/test/hts_endian.c,242,,,TRUE
i64_to_le,htslib/htslib/hts_endian.h,290,,,TRUE
t64_bit,htslib/test/hts_endian.c,323,,,TRUE
t_float,htslib/test/hts_endian.c,406,,,TRUE
t_double,htslib/test/hts_endian.c,451,,,TRUE
main,htslib/test/hts_endian.c,496,,,TRUE
main,htslib/test/thrash_threads5.c,35,,,FALSE
differ,htslib/test/test_kfunc.c,33,,,TRUE
fail,htslib/test/test_kfunc.c,40,,,TRUE
lbinom,htslib/kfunc.c,197,,,TRUE
hypergeo,htslib/kfunc.c,209,,,TRUE
hypergeo_acc,htslib/kfunc.c,220,,,TRUE
kt_fisher_exact,htslib/kfunc.c,245,,,TRUE
test_fisher,htslib/test/test_kfunc.c,48,,,TRUE
main,htslib/test/test_kfunc.c,59,,,TRUE
main,htslib/test/thrash_threads2.c,35,,,FALSE
file_compare,htslib/test/test_faidx.c,33,,,TRUE
fai_read,htslib/faidx.c,380,,,FALSE
bgzf_compression,htslib/bgzf.c,2272,,,TRUE
fai_load3_core,htslib/faidx.c,567,,,FALSE
fai_load3_format,htslib/faidx.c,705,,,TRUE
load_index,htslib/test/test_faidx.c,87,,,TRUE
fai_retrieve,htslib/faidx.c,716,,,TRUE
faidx_iseq,htslib/faidx.c,896,,,TRUE
fai_parse_region,htslib/faidx.c,1021,,,TRUE
fai_get_val,htslib/faidx.c,798,,,TRUE
fai_fetch64,htslib/faidx.c,846,,,TRUE
fai_fetch,htslib/faidx.c,859,,,TRUE
fai_fetchqual64,htslib/faidx.c,867,,,TRUE
fai_fetchqual,htslib/faidx.c,879,,,TRUE
faidx_adjust_position,htslib/faidx.c,914,,,TRUE
fai_adjust_region,htslib/faidx.c,952,,,TRUE
faidx_fetch_seq64,htslib/faidx.c,972,,,TRUE
faidx_fetch_seq,htslib/faidx.c,985,,,TRUE
faidx_fetch_qual64,htslib/faidx.c,993,,,TRUE
faidx_fetch_qual,htslib/faidx.c,1006,,,TRUE
do_retrieval,htslib/test/test_faidx.c,99,,,TRUE
fai_line_length,htslib/faidx.c,834,,,TRUE
test_fai_line_length,htslib/test/test_faidx.c,260,,,TRUE
faidx_has_seq,htslib/faidx.c,1014,,,TRUE
test_faidx_has_seq,htslib/test/test_faidx.c,285,,,TRUE
test_faidx_iseq,htslib/test/test_faidx.c,310,,,TRUE
faidx_seq_len64,htslib/faidx.c,901,,,TRUE
faidx_seq_len,htslib/faidx.c,908,,,TRUE
test_faidx_seq_len,htslib/test/test_faidx.c,339,,,TRUE
test_faidx_seq_len64,htslib/test/test_faidx.c,366,,,TRUE
usage,htslib/test/test_faidx.c,394,,,TRUE
usage,htslib/test/test-bcf-sr.c,54,,,TRUE
usage,htslib/test/test-regidx.c,415,,,TRUE
usage,htslib/test/test_realn.c,38,,,TRUE
usage,htslib/test/test_index.c,32,,,TRUE
hts_version,htslib/hts.c,84,,,TRUE
usage,htslib/tabix.c,580,,,TRUE
usage,htslib/htsfile.c,213,,,TRUE
usage,htslib/ref_cache/main.c,857,,,TRUE
help,htslib/test/test_faidx.c,403,,,TRUE
main,htslib/test/test_faidx.c,430,,,FALSE
hts_features,htslib/hts.c,89,,,TRUE
hts_test_feature,htslib/hts.c,127,,,TRUE
hts_plugin_path,htslib/plugin.c,195,,,TRUE
hts_feature_string,htslib/hts.c,169,,,TRUE
hfile_list_schemes,htslib/hfile.c,1218,,,TRUE
hfile_list_plugins,htslib/hfile.c,1257,,,TRUE
main,htslib/test/test_introspection.c,31,,,TRUE
get_int_aux_val,htslib/sam.c,5101,,,TRUE
bam_aux2i,htslib/sam.c,5117,,,TRUE
check,htslib/test/fieldarith.c,34,,,TRUE
main,htslib/test/fieldarith.c,48,,,TRUE
sym,htslib/test/plugins-dlhts.c,48,,,TRUE
func,htslib/test/plugins-dlhts.c,59,,,TRUE
test_hopen,htslib/test/plugins-dlhts.c,75,,,TRUE
verbose_log,htslib/test/plugins-dlhts.c,94,,,TRUE
main,htslib/test/plugins-dlhts.c,101,,,FALSE
main,htslib/test/plugins-dlhts.c,180,,,FALSE
bcf_sweep_init,htslib/vcf_sweep.c,114,,,TRUE
bcf_sweep_destroy,htslib/vcf_sweep.c,128,,,TRUE
hts_useek,htslib/hts.c,2015,,,TRUE
sw_seek,htslib/vcf_sweep.c,140,,,FALSE
hts_utell,htslib/hts.c,2022,,,TRUE
bcf_sweep_fwd,htslib/vcf_sweep.c,152,,,TRUE
sw_rec_equal,htslib/vcf_sweep.c,58,,,FALSE
sw_rec_save,htslib/vcf_sweep.c,72,,,FALSE
sw_fill_buffer,htslib/vcf_sweep.c,88,,,FALSE
bcf_sweep_bwd,htslib/vcf_sweep.c,181,,,TRUE
bcf_sweep_hdr,htslib/vcf_sweep.c,189,,,TRUE
main,htslib/test/test-vcf-sweep.c,31,,,FALSE
hts_reglist_free,htslib/region.c,266,,,TRUE
hts_itr_destroy,htslib/hts.c,3867,,,TRUE
hts_adjust_csi_settings,htslib/hts.c,2372,,,TRUE
sam_idx_init,htslib/sam.c,1095,,,TRUE
compress_binning,htslib/hts.c,2462,,,TRUE
hts_idx_finish,htslib/hts.c,2515,,,TRUE
hts_idx_fmt,htslib/hts.c,2714,,,TRUE
idx_write_int32,htslib/hts.c,2721,,,TRUE
idx_write_uint32,htslib/hts.c,2727,,,TRUE
idx_save_core,htslib/hts.c,2759,,,TRUE
hts_idx_write_out,htslib/hts.c,2847,,,TRUE
hts_idx_save_but_not_close,htslib/hts.c,2894,,,TRUE
sam_idx_save,htslib/sam.c,1123,,,TRUE
sam_index_load,htslib/sam.c,1681,,,TRUE
hts_itr_querys,htslib/hts.c,4201,,,TRUE
sam_itr_querys,htslib/sam.c,1760,,,TRUE
reg_compact,htslib/region.c,87,,,FALSE
reg_insert,htslib/region.c,123,,,FALSE
reg_destroy,htslib/region.c,159,,,FALSE
hts_reglist_create,htslib/region.c,177,,,TRUE
hts_itr_regions,htslib/hts.c,4217,,,TRUE
sam_itr_regarray,htslib/sam.c,1768,,,TRUE
hts_itr_next,htslib/hts.c,4271,,,TRUE
hts_itr_multi_next,htslib/hts.c,4325,,,TRUE
sam_itr_next,htslib/htslib/sam.h,1355,,,TRUE
sam_loop,htslib/test/test_view.c,65,,,FALSE
idx_calc_n_lvls_ids,htslib/vcf.c,4636,,,TRUE
hts_idx_set_meta,htslib/hts.c,3062,,,TRUE
vcf_idx_init,htslib/vcf.c,4756,,,FALSE
bcf_idx_init,htslib/vcf.c,4795,,,FALSE
bcf_idx_save,htslib/vcf.c,4822,,,FALSE
bcf_itr_next,htslib/htslib/vcf.h,1327,,,TRUE
vcf_loop,htslib/test/test_view.c,196,,,FALSE
hts_get_format,htslib/hts.c,1744,,,TRUE
main,htslib/test/test_view.c,279,,,FALSE
tbx_name2id,htslib/tbx.c,91,,,TRUE
bcf_hdr_name2id,htslib/htslib/vcf.h,1221,,,TRUE
_reader_seek,htslib/synced_bcf_reader.c,560,,,FALSE
_regions_parse_line,htslib/synced_bcf_reader.c,1184,,,FALSE
khash_str2int_destroy,htslib/htslib/khash_str2int.h,44,,,TRUE
bcf_sr_regions_destroy,htslib/synced_bcf_reader.c,1323,,,TRUE
advance_creg,htslib/synced_bcf_reader.c,1369,,,FALSE
khash_str2int_get,htslib/htslib/khash_str2int.h,78,,,TRUE
bcf_sr_regions_next,htslib/synced_bcf_reader.c,1378,,,TRUE
_readers_next_region,htslib/synced_bcf_reader.c,596,,,FALSE
_set_variant_boundaries,htslib/synced_bcf_reader.c,621,,,FALSE
has_filter,htslib/synced_bcf_reader.c,543,,,TRUE
_reader_fill_buffer,htslib/synced_bcf_reader.c,653,,,FALSE
_reader_shift_buffer,htslib/synced_bcf_reader.c,767,,,FALSE
bcf_sr_regions_seek,htslib/synced_bcf_reader.c,1348,,,TRUE
bcf_sr_regions_flush,htslib/synced_bcf_reader.c,1555,,,TRUE
_bcf_sr_regions_overlap,htslib/synced_bcf_reader.c,1526,,,FALSE
bcf_sr_regions_overlap,htslib/synced_bcf_reader.c,1521,,,TRUE
bcf_sr_sort_set_active,htslib/bcf_sr_sort.c,324,,,TRUE
bcf_sr_sort_add_active,htslib/bcf_sr_sort.c,331,,,TRUE
debug_vbuf,htslib/bcf_sr_sort.c,287,,,TRUE
bcf_sr_set_opt,htslib/synced_bcf_reader.c,114,,,FALSE
kbs_logical_and,htslib/bcf_sr_sort.c,43,,,TRUE
kbs_bitwise_or,htslib/bcf_sr_sort.c,54,,,TRUE
bcf_sr_init_scores,htslib/bcf_sr_sort.c,61,,,TRUE
multi_is_exact,htslib/bcf_sr_sort.c,105,,,TRUE
multi_is_subset,htslib/bcf_sr_sort.c,133,,,TRUE
pairing_score,htslib/bcf_sr_sort.c,153,,,TRUE
remove_vset,htslib/bcf_sr_sort.c,193,,,TRUE
merge_vsets,htslib/bcf_sr_sort.c,208,,,TRUE
push_vset,htslib/bcf_sr_sort.c,233,,,TRUE
debug_vsets,htslib/bcf_sr_sort.c,265,,,TRUE
grp_create_key,htslib/bcf_sr_sort.c,303,,,TRUE
bcf_set_variant_type,htslib/vcf.c,5373,,,TRUE
bcf_set_variant_types,htslib/vcf.c,5444,,,TRUE
bcf_get_variant_types,htslib/vcf.c,5474,,,TRUE
khash_str2int_init,htslib/htslib/khash_str2int.h,36,,,TRUE
khash_str2int_set,htslib/htslib/khash_str2int.h,114,,,TRUE
kbs_last_mask,htslib/htslib/kbitset.h,70,,,TRUE
kbs_resize2,htslib/htslib/kbitset.h,100,,,TRUE
kbs_resize,htslib/htslib/kbitset.h,125,,,TRUE
kbs_clear,htslib/htslib/kbitset.h,137,,,TRUE
kbs_insert,htslib/htslib/kbitset.h,150,,,TRUE
bcf_sr_sort_set,htslib/bcf_sr_sort.c,338,,,FALSE
bcf_sr_sort_next,htslib/bcf_sr_sort.c,593,,,FALSE
next_line,htslib/synced_bcf_reader.c,779,,,FALSE
_regions_match_alleles,htslib/synced_bcf_reader.c,1467,,,FALSE
bcf_sr_next_line,htslib/synced_bcf_reader.c,866,,,TRUE
write_summary_format,htslib/test/test-bcf-sr.c,71,,,FALSE
write_vcf_bcf_format,htslib/test/test-bcf-sr.c,107,,,FALSE
bcf_sr_strerror,htslib/synced_bcf_reader.c,84,,,TRUE
bcf_sr_seek_start,htslib/synced_bcf_reader.c,893,,,FALSE
bcf_sr_regions_alloc,htslib/synced_bcf_reader.c,1012,,,FALSE
_regions_add,htslib/synced_bcf_reader.c,1024,,,FALSE
regions_merge,htslib/synced_bcf_reader.c,1070,,,FALSE
_regions_sort_and_merge,htslib/synced_bcf_reader.c,1085,,,FALSE
_regions_init_string,htslib/synced_bcf_reader.c,1101,,,FALSE
bcf_sr_regions_init,htslib/synced_bcf_reader.c,1244,,,TRUE
bcf_sr_set_regions,htslib/synced_bcf_reader.c,190,,,TRUE
bcf_sr_set_targets,htslib/synced_bcf_reader.c,208,,,TRUE
init_filters,htslib/synced_bcf_reader.c,150,,,FALSE
bcf_hdr_seqnames,htslib/vcf.c,2767,,,TRUE
hts_idx_load2,htslib/hts.c,4982,,,TRUE
bcf_index_load2,htslib/vcf.c,4690,,,TRUE
tbx_index_load2,htslib/tbx.c,604,,,TRUE
bcf_sr_add_hreader,htslib/synced_bcf_reader.c,274,,,FALSE
vcf_open_mode,htslib/vcf.c,4154,14,self,TRUE
bcf_sr_add_reader,htslib/synced_bcf_reader.c,252,,,TRUE
bcf_sr_sort_init,htslib/bcf_sr_sort.c,675,,,TRUE
bcf_sr_init,htslib/synced_bcf_reader.c,451,,,TRUE
bcf_sr_destroy_threads,htslib/synced_bcf_reader.c,243,,,TRUE
bcf_sr_destroy1,htslib/synced_bcf_reader.c,461,,,FALSE
khash_str2int_destroy_free,htslib/htslib/khash_str2int.h,53,,,TRUE
kbs_destroy,htslib/htslib/kbitset.h,131,,,TRUE
bcf_sr_sort_destroy,htslib/bcf_sr_sort.c,685,,,TRUE
bcf_sr_destroy,htslib/synced_bcf_reader.c,480,,,TRUE
alternate_zeros,htslib/hts.c,437,,,TRUE
is_utf16_text,htslib/hts.c,445,,,TRUE
hts_is_utf16_text,htslib/hts.c,2000,,,TRUE
hts_readlist,htslib/hts.c,2065,,,TRUE
main,htslib/test/test-bcf-sr.c,126,,,FALSE
main,htslib/test/thrash_threads3.c,33,,,FALSE
debug,htslib/test/test-regidx.c,45,,,TRUE
info,htslib/test/test-regidx.c,55,,,TRUE
regidx_parse_tab,htslib/regidx.c,498,,,TRUE
HTS_FORMAT,htslib/test/test-regidx.c,64,,,TRUE
custom_free,htslib/test/test-regidx.c,100,,,TRUE
cmp_regs,htslib/regidx.c,132,,,TRUE
khash_str2int_inc,htslib/htslib/khash_str2int.h,96,,,TRUE
regidx_push,htslib/regidx.c,151,,,TRUE
regidx_insert,htslib/regidx.c,198,,,TRUE
regidx_destroy,htslib/regidx.c,311,,,TRUE
regidx_init,htslib/regidx.c,246,,,TRUE
regitr_init,htslib/regidx.c,584,,,TRUE
regitr_destroy,htslib/regidx.c,606,,,TRUE
regitr_loop,htslib/regidx.c,646,,,TRUE
test_sequential_access,htslib/test/test-regidx.c,106,,,FALSE
reglist_build_index_,htslib/regidx.c,335,,,FALSE
regidx_overlap,htslib/regidx.c,401,,,TRUE
test_custom_payload,htslib/test/test-regidx.c,143,,,FALSE
get_random_region,htslib/test/test-regidx.c,190,,,TRUE
regitr_overlap,htslib/regidx.c,612,,,TRUE
test_random,htslib/test/test-regidx.c,197,,,FALSE
regidx_parse_reg,htslib/regidx.c,545,,,TRUE
test_explicit,htslib/test/test-regidx.c,246,,,FALSE
create_line_bed,htslib/test/test-regidx.c,307,,,TRUE
create_line_tab,htslib/test/test-regidx.c,311,,,TRUE
create_line_reg,htslib/test/test-regidx.c,315,,,TRUE
test,htslib/test/test-regidx.c,322,,,FALSE
strcmpnull,htslib/test/test_expr.c,97,,,TRUE
cmpfloat,htslib/test/test_expr.c,105,,,TRUE
test,htslib/test/test_expr.c,110,,,TRUE
main,htslib/test/test-regidx.c,426,,,FALSE
fai_load3,htslib/faidx.c,693,,,TRUE
fai_load,htslib/faidx.c,699,,,TRUE
get_severity_tag,htslib/hts.c,5170,,,TRUE
hts_log,htslib/hts.c,5190,,,FALSE
realn_check_tag,htslib/realn.c,91,,,TRUE
probaln_glocal,htslib/probaln.c,77,,,TRUE
bam_aux_remove,htslib/sam.c,4871,,,TRUE
bam_aux_del,htslib/sam.c,4865,,,TRUE
sam_prob_realn,htslib/realn.c,106,,,TRUE
main,htslib/test/test_realn.c,42,,,FALSE
main,htslib/test/thrash_threads6.c,34,,,FALSE
job,htslib/test/thrash_threads7.c,43,,,FALSE
main,htslib/test/thrash_threads7.c,49,,,FALSE
clamp,htslib/test/test_kstring.c,40,,,TRUE
test_kroundup_size_t,htslib/test/test_kstring.c,45,,,TRUE
test_kroundup_signed,htslib/test/test_kstring.c,91,,,TRUE
test_kputuw_from_to,htslib/test/test_kstring.c,127,,,TRUE
test_kputuw,htslib/test/test_kstring.c,153,,,TRUE
test_kputw_from_to,htslib/test/test_kstring.c,193,,,TRUE
test_kputw,htslib/test/test_kstring.c,219,,,TRUE
test_kputll_from_to,htslib/test/test_kstring.c,268,,,TRUE
test_kputll,htslib/test/test_kstring.c,294,,,TRUE
mock_fgets,htslib/test/test_kstring.c,347,,,TRUE
test_kgetline,htslib/test/test_kstring.c,375,,,TRUE
mock_fgets2,htslib/test/test_kstring.c,403,,,TRUE
test_kgetline2,htslib/test/test_kstring.c,431,,,TRUE
kinsert_char,htslib/htslib/kstring.h,469,,,TRUE
test_kinsertchar,htslib/test/test_kstring.c,458,,,TRUE
kinsert_str,htslib/htslib/kstring.h,492,,,TRUE
test_kinsertstr,htslib/test/test_kstring.c,514,,,TRUE
test_kmemmem,htslib/test/test_kstring.c,586,,,TRUE
kstrstr,htslib/kstring.c,501,,,TRUE
test_kstrstr,htslib/test/test_kstring.c,638,,,TRUE
kstrnstr,htslib/kstring.c,510,,,TRUE
test_kstrnstr,htslib/test/test_kstring.c,673,,,TRUE
main,htslib/test/test_kstring.c,709,,,TRUE
lookup,htslib/test/test_expr.c,31,,,TRUE
main,htslib/test/test_expr.c,346,,,TRUE
write_stats_str2int,htslib/test/test_khash.c,50,,,FALSE
make_keys,htslib/test/test_khash.c,66,,,TRUE
add_str2int_entry,htslib/test/test_khash.c,86,,,FALSE
check_str2int_entry,htslib/test/test_khash.c,98,,,FALSE
del_str2int_entry,htslib/test/test_khash.c,127,,,FALSE
test_str2int,htslib/test/test_khash.c,137,,,FALSE
read_keys,htslib/test/test_khash.c,236,,,TRUE
get_time,htslib/test/test_khash.c,312,,,TRUE
fmt_time,htslib/test/test_khash.c,330,,,TRUE
benchmark,htslib/test/test_khash.c,344,,,FALSE
show_usage,htslib/test/test_khash.c,437,,,TRUE
main,htslib/test/test_khash.c,448,,,FALSE
gettime,htslib/test/test_nibbles.c,41,,,TRUE
fmttime,htslib/test/test_nibbles.c,53,,,TRUE
nibble2base_single,htslib/test/test_nibbles.c,69,,,TRUE
validate_nibble2base,htslib/test/test_nibbles.c,78,,,TRUE
time_nibble2base,htslib/test/test_nibbles.c,109,,,TRUE
main,htslib/test/test_nibbles.c,128,,,TRUE
test_bcf_set_variant_type,htslib/test/test-bcf_set_variant_type.c,42,,,TRUE
main,htslib/test/test-bcf_set_variant_type.c,143,,,TRUE
check_str2int,htslib/test/test_str2int.c,41,,,TRUE
check_strprint2,htslib/test/test_str2int.c,141,,,TRUE
check_strprint1,htslib/test/test_str2int.c,158,,,TRUE
check_strprintq,htslib/test/test_str2int.c,163,,,TRUE
check_strprint,htslib/test/test_str2int.c,169,,,TRUE
main,htslib/test/test_str2int.c,208,,,TRUE
main,htslib/test/thrash_threads4.c,34,,,FALSE
check_bam_aux_get,htslib/test/sam.c,78,,,TRUE
check_aux_count,htslib/test/sam.c,90,,,TRUE
bam_auxB_len,htslib/sam.c,5151,,,TRUE
bam_auxB2i,htslib/sam.c,5160,,,TRUE
bam_auxB2f,htslib/sam.c,5170,,,TRUE
check_int_B_array,htslib/test/sam.c,99,,,TRUE
bam_aux_update_int,htslib/sam.c,4942,,,TRUE
test_update_int,htslib/test/sam.c,136,,,TRUE
bam_aux_update_array,htslib/sam.c,5044,,,TRUE
test_update_array,htslib/test/sam.c,192,,,TRUE
bam_aux_update_str,htslib/sam.c,4890,,,TRUE
bam_aux_update_float,htslib/sam.c,5008,,,TRUE
bam_aux2f,htslib/sam.c,5124,,,TRUE
bam_aux2A,htslib/sam.c,5133,,,TRUE
bam_aux2Z,htslib/sam.c,5142,,,TRUE
bam_aux_tag,htslib/htslib/sam.h,1676,,,TRUE
bam_aux_type,htslib/htslib/sam.h,1683,,,TRUE
aux_fields1,htslib/test/sam.c,248,,,FALSE
bam_set_qname,htslib/sam.c,961,,,TRUE
set_qname,htslib/test/sam.c,557,,,TRUE
reg2bins_narrow,htslib/hts.c,3147,,,TRUE
reg2bins_wide,htslib/hts.c,3164,,,TRUE
reg2bins,htslib/hts.c,3186,,,TRUE
hts_itr_off,htslib/hts.c,3373,,,TRUE
hts_itr_query,htslib/hts.c,3426,,,TRUE
cram_itr_query,htslib/sam.c,1686,,,FALSE
sam_itr_queryi,htslib/sam.c,1743,,,TRUE
iterators1,htslib/test/sam.c,604,,,TRUE
copy_check_alignment,htslib/test/sam.c,612,,,TRUE
check_target_names,htslib/test/sam.c,669,,,TRUE
sam_hrecs_remove_ref_altnames,htslib/header.c,115,,,FALSE
sam_hrecs_remove_hash_entry,htslib/header.c,413,,,FALSE
sam_hrecs_remove_line,htslib/header.c,703,,,FALSE
sam_hdr_remove_line_id,htslib/header.c,1783,,,TRUE
sam_hrecs_find_type_pos,htslib/header.c,1546,,,FALSE
sam_hdr_remove_line_pos,htslib/header.c,1822,,,TRUE
sam_hdr_line_index,htslib/header.c,2185,,,TRUE
sam_hrecs_remove_key,htslib/header.c,3030,,,FALSE
sam_hdr_remove_tag_id,htslib/header.c,2345,,,TRUE
sam_hdr_pg_id,htslib/header.c,2561,,,TRUE
sam_hdr_add_pg,htslib/header.c,2612,,,FALSE
use_header_api,htslib/test/sam.c,705,,,FALSE
hts_set_log_level,htslib/hts.c,5160,,,TRUE
hts_get_log_level,htslib/hts.c,5165,,,TRUE
test_header_pg_lines,htslib/test/sam.c,921,,,FALSE
test_header_pg_loops,htslib/test/sam.c,1008,,,FALSE
sam_hdr_parse,htslib/sam.c,1820,,,TRUE
test_header_updates,htslib/test/sam.c,1087,,,FALSE
rebuild_hash,htslib/header.c,1983,,,FALSE
sam_hdr_remove_except,htslib/header.c,2014,,,TRUE
sam_hdr_remove_lines,htslib/header.c,2070,,,TRUE
test_header_remove_lines,htslib/test/sam.c,1182,,,FALSE
check_ref_lookup,htslib/test/sam.c,1245,,,FALSE
test_header_ref_altnames,htslib/test/sam.c,1258,,,FALSE
samrecord_layout,htslib/test/sam.c,1348,,,TRUE
check_ref_lengths,htslib/test/sam.c,1388,,,TRUE
check_big_ref,htslib/test/sam.c,1405,,,FALSE
faidx_fetch_nseq,htslib/faidx.c,886,,,TRUE
faidx_nseq,htslib/faidx.c,891,,,TRUE
faidx1,htslib/test/sam.c,1578,,,TRUE
test_empty_sam_file,htslib/test/sam.c,1618,,,TRUE
test_text_file,htslib/test/sam.c,1641,,,TRUE
check_enum1,htslib/test/sam.c,1661,,,TRUE
check_cigar_tab,htslib/test/sam.c,1669,,,TRUE
generator,htslib/test/sam.c,1688,,,TRUE
read_data_block,htslib/test/sam.c,1735,,,TRUE
test_parse_decimal1,htslib/test/sam.c,1781,,,TRUE
test_parse_decimal,htslib/test/sam.c,1795,,,TRUE
scan_keyword,htslib/hts.c,1002,,,TRUE
hts_parse_format,htslib/hts.c,1337,,,TRUE
test_mempolicy,htslib/test/sam.c,1812,,,FALSE
test_bam_set1_minimal,htslib/test/sam.c,2000,,,TRUE
test_bam_set1_full,htslib/test/sam.c,2031,,,TRUE
test_bam_set1_even_and_odd_seq_len,htslib/test/sam.c,2078,,,TRUE
test_bam_set1_with_seq_but_no_qual,htslib/test/sam.c,2108,,,TRUE
test_bam_set1_validate_qname,htslib/test/sam.c,2132,,,TRUE
test_bam_set1_validate_seq,htslib/test/sam.c,2149,,,TRUE
test_bam_set1_validate_cigar,htslib/test/sam.c,2166,,,TRUE
test_bam_set1_validate_size_limits,htslib/test/sam.c,2195,,,TRUE
ks_c_str,htslib/htslib/kstring.h,199,,,TRUE
bam_hdr_init,htslib/htslib/sam.h,400,,,TRUE
test_bam_set1_write_and_read_back,htslib/test/sam.c,2227,,,FALSE
sam_parse_cigar,htslib/sam.c,2895,,,TRUE
test_cigar_api,htslib/test/sam.c,2307,,,TRUE
main,htslib/test/sam.c,2328,,,FALSE
code,htslib/test/test_mod.c,76,,,TRUE
hts_base_mod_state_alloc,htslib/sam_mods.c,191,,,TRUE
hts_base_mod_state_free,htslib/sam_mods.c,195,,,TRUE
seq_freq,htslib/sam_mods.c,202,,,TRUE
bam_parse_basemod2,htslib/sam_mods.c,230,,,TRUE
bam_mods_at_next_pos,htslib/sam_mods.c,462,,,TRUE
bam_next_basemod,htslib/sam_mods.c,567,,,TRUE
bam_mods_recorded,htslib/sam_mods.c,655,,,TRUE
bam_mods_query_type,htslib/sam_mods.c,667,,,TRUE
bam_mods_queryi,htslib/sam_mods.c,692,,,TRUE
main,htslib/test/test_mod.c,88,,,FALSE
try_fopen,htslib/test/test_bgzf.c,68,,,TRUE
try_fclose,htslib/test/test_bgzf.c,77,,,TRUE
try_fread,htslib/test/test_bgzf.c,89,,,TRUE
try_fseek_start,htslib/test/test_bgzf.c,100,,,TRUE
try_bgzf_open,htslib/test/test_bgzf.c,109,,,TRUE
bgzf_dopen,htslib/bgzf.c,517,,,TRUE
try_bgzf_dopen,htslib/test/test_bgzf.c,120,,,TRUE
try_bgzf_hopen,htslib/test/test_bgzf.c,141,,,TRUE
try_bgzf_close,htslib/test/test_bgzf.c,163,,,TRUE
try_bgzf_read,htslib/test/test_bgzf.c,180,,,TRUE
try_bgzf_write,htslib/test/test_bgzf.c,190,,,TRUE
try_bgzf_compression,htslib/test/test_bgzf.c,203,,,TRUE
try_bgzf_mt,htslib/test/test_bgzf.c,216,,,TRUE
try_bgzf_index_build_init,htslib/test/test_bgzf.c,225,,,TRUE
try_bgzf_index_load,htslib/test/test_bgzf.c,235,,,TRUE
try_bgzf_index_dump,htslib/test/test_bgzf.c,245,,,TRUE
try_bgzf_tell,htslib/test/test_bgzf.c,255,,,TRUE
try_bgzf_tell_expect,htslib/test/test_bgzf.c,267,,,TRUE
try_bgzf_seek,htslib/test/test_bgzf.c,278,,,TRUE
try_bgzf_useek,htslib/test/test_bgzf.c,288,,,TRUE
try_bgzf_getc,htslib/test/test_bgzf.c,298,,,TRUE
try_skip,htslib/test/test_bgzf.c,311,,,TRUE
compare_buffers,htslib/test/test_bgzf.c,327,,,TRUE
cleanup,htslib/test/test_bgzf.c,344,,,TRUE
setup,htslib/test/test_bgzf.c,357,,,FALSE
test_read,htslib/test/test_bgzf.c,403,,,FALSE
test_write_read,htslib/test/test_bgzf.c,435,,,FALSE
test_embed_eof,htslib/test/test_bgzf.c,511,,,FALSE
test_index_load_dump,htslib/test/test_bgzf.c,584,,,FALSE
test_check_EOF,htslib/test/test_bgzf.c,622,,,FALSE
test_index_useek_getc,htslib/test/test_bgzf.c,638,,,FALSE
test_tell_seek_getc,htslib/test/test_bgzf.c,730,,,FALSE
test_tell_read,htslib/test/test_bgzf.c,831,,,FALSE
test_useek_read_small,htslib/test/test_bgzf.c,881,,,FALSE
test_bgzf_getline,htslib/test/test_bgzf.c,924,,,FALSE
test_bgzf_getline_on_truncated_file,htslib/test/test_bgzf.c,981,,,FALSE
free_auth_data,htslib/hfile_s3.c,319,,,TRUE
free_authorisation_values,htslib/hfile_s3.c,1163,,,TRUE
cleanup_local,htslib/hfile_s3.c,1276,,,TRUE
cleanup,htslib/hfile_s3.c,1286,,,TRUE
main,htslib/test/test_bgzf.c,1073,,,FALSE
check_offset,htslib/test/hfile.c,51,,,TRUE
slurp,htslib/test/hfile.c,62,,,TRUE
reopen,htslib/test/hfile.c,85,,,TRUE
hfile_mem_get_buffer,htslib/hfile.c,894,,,TRUE
hfile_mem_steal_buffer,htslib/hfile.c,906,,,TRUE
main,htslib/test/hfile.c,97,,,FALSE
bcf_index,htslib/vcf.c,4657,,,FALSE
hts_idx_save,htslib/hts.c,2825,15,mutual,TRUE
hts_idx_save_as,htslib/hts.c,2869,15,mutual,TRUE
tbx_parse1,htslib/tbx.c,96,,,TRUE
get_intv,htslib/tbx.c,315,,,TRUE
tbx_set_meta,htslib/tbx.c,375,,,TRUE
adjust_max_ref_len_vcf,htslib/tbx.c,412,,,TRUE
adjust_max_ref_len_sam,htslib/tbx.c,425,,,TRUE
tbx_index,htslib/tbx.c,437,,,TRUE
bcf_index_build3,htslib/vcf.c,4700,,,TRUE
bcf_index_build,htslib/vcf.c,4749,,,TRUE
cram_index_container,htslib/cram/cram_index.c,727,,,FALSE
cram_index_build,htslib/cram/cram_index.c,779,,,FALSE
sam_index,htslib/sam.c,994,,,TRUE
sam_index_build3,htslib/sam.c,1034,,,TRUE
sam_index_build,htslib/sam.c,1081,,,TRUE
main,htslib/test/test_index.c,42,,,FALSE
check_alleles,htslib/test/test-vcf-api.c,51,,,TRUE
_bcf1_sync_alleles,htslib/vcf.c,5884,,,FALSE
bcf_update_alleles,htslib/vcf.c,5906,,,TRUE
test_update_alleles,htslib/test/test-vcf-api.c,71,,,TRUE
bcf_hdr_add_sample,htslib/vcf.c,276,,,TRUE
bcf_hdr_remove_from_hdict,htslib/vcf.c,1044,,,FALSE
bcf_hdr_remove,htslib/vcf.c,1501,,,TRUE
serialize_float_array,htslib/vcf.c,2944,,,TRUE
bcf_update_format,htslib/vcf.c,5710,,,TRUE
bcf_update_format_string,htslib/vcf.c,5684,,,TRUE
bcf_update_filter,htslib/vcf.c,5824,,,TRUE
bcf_update_alleles_str,htslib/vcf.c,5970,,,TRUE
bcf_update_id,htslib/vcf.c,5988,,,TRUE
write_bcf,htslib/test/test-vcf-api.c,110,,,FALSE
bcf_clear,htslib/vcf.c,1822,,,TRUE
bcf_copy,htslib/vcf.c,2474,,,TRUE
bcf_dup,htslib/vcf.c,2504,,,TRUE
bcf_hdr_dup,htslib/vcf.c,5137,,,TRUE
bcf_to_vcf,htslib/test/test-vcf-api.c,287,,,FALSE
iterator,htslib/test/test-vcf-api.c,406,,,FALSE
bcf_float_is_missing,htslib/htslib/vcf.h,1506,,,TRUE
test_get_info_values,htslib/test/test-vcf-api.c,434,,,FALSE
write_format_values,htslib/test/test-vcf-api.c,491,,,FALSE
bcf_float_is_vector_end,htslib/htslib/vcf.h,1512,,,TRUE
check_format_values,htslib/test/test-vcf-api.c,528,,,FALSE
test_get_format_values,htslib/test/test-vcf-api.c,561,,,FALSE
test_invalid_end_tag,htslib/test/test-vcf-api.c,567,,,FALSE
test_open_format,htslib/test/test-vcf-api.c,630,,,FALSE
test_rlen_values,htslib/test/test-vcf-api.c,664,,,FALSE
test_vl_types,htslib/test/test-vcf-api.c,807,,,FALSE
vcf_parse_format_empty1,htslib/vcf.c,3137,,,TRUE
vcf_parse_format_dict2,htslib/vcf.c,3158,,,FALSE
vcf_parse_format_max3,htslib/vcf.c,3210,,,FALSE
align_mem,htslib/vcf.c,3124,,,TRUE
vcf_parse_format_alloc4,htslib/vcf.c,3297,,,FALSE
vcf_parse_format_fill5,htslib/vcf.c,3375,,,FALSE
vcf_parse_format_gt6,htslib/vcf.c,3619,,,FALSE
vcf_parse_format_check7,htslib/vcf.c,3664,,,TRUE
vcf_parse_format,htslib/vcf.c,3686,,,FALSE
fix_chromosome,htslib/vcf.c,3744,,,FALSE
vcf_parse_filter,htslib/vcf.c,3763,,,FALSE
bcf_enc_long1,htslib/vcf.c,2925,,,TRUE
bcf_enc_vfloat,htslib/vcf.c,2962,,,TRUE
vcf_parse_info,htslib/vcf.c,3818,,,FALSE
vcf_parse,htslib/vcf.c,3987,,,TRUE
read_vcf_line,htslib/test/test-vcf-api.c,909,,,TRUE
chomp,htslib/test/test-vcf-api.c,924,,,TRUE
bcf_fmt_array1,htslib/vcf.c,2979,,,TRUE
bcf_format_gt_v2,htslib/vcf.c,6345,,,FALSE
vcf_format,htslib/vcf.c,4304,,,TRUE
bcf_update_info,htslib/vcf.c,5546,,,TRUE
bcf_float_set,htslib/htslib/vcf.h,1498,,,TRUE
bcf_get_info_values,htslib/vcf.c,6068,,,TRUE
is_special_info_type,htslib/vcfutils.c,254,,,TRUE
get_int32_info_value,htslib/vcfutils.c,280,,,TRUE
get_rn_value,htslib/vcfutils.c,315,,,TRUE
set_info_v1,htslib/vcfutils.c,325,,,TRUE
bcf_enc_inttype,htslib/htslib/vcf.h,1575,,,TRUE
fixup_info_length_code,htslib/vcfutils.c,349,,,TRUE
mark_for_removal,htslib/vcfutils.c,407,,,TRUE
kbs_exists,htslib/htslib/kbitset.h,162,,,TRUE
trim_int_cnv_tr_int_tags,htslib/vcfutils.c,423,,,TRUE
trim_int_cnv_tr_str_tags,htslib/vcfutils.c,498,,,TRUE
fixup_cnv_tr_info_tags,htslib/vcfutils.c,561,,,TRUE
bcf_remove_allele_set,htslib/vcfutils.c,659,,,TRUE
kbs_init2,htslib/htslib/kbitset.h,78,,,TRUE
kbs_init,htslib/htslib/kbitset.h,93,,,TRUE
test_bcf_remove_allele_set,htslib/test/test-vcf-api.c,933,,,FALSE
main,htslib/test/test-vcf-api.c,1047,,,FALSE
readaln,htslib/test/pileup_mod.c,37,,,TRUE
process_pileup,htslib/test/pileup_mod.c,49,,,TRUE
bam_parse_basemod,htslib/sam_mods.c,449,,,TRUE
pileup_cd_create,htslib/test/pileup_mod.c,74,,,TRUE
pileup_cd_destroy,htslib/test/pileup_mod.c,84,,,TRUE
bam_mods_at_qpos,htslib/sam_mods.c,634,,,TRUE
process_mod_pileup1,htslib/test/pileup_mod.c,91,,,TRUE
process_mod_pileup2,htslib/test/pileup_mod.c,140,,,TRUE
mp_init,htslib/sam.c,5369,,,TRUE
mp_alloc,htslib/sam.c,5385,,,TRUE
bam_plp_init,htslib/sam.c,5665,,,TRUE
mp_destroy,htslib/sam.c,5375,,,TRUE
mp_free,htslib/sam.c,5391,,,TRUE
bam_plp_destroy,htslib/sam.c,5687,,,TRUE
bam_plp_constructor,htslib/sam.c,5703,,,TRUE
bam_plp_destructor,htslib/sam.c,5708,,,TRUE
resolve_cigar2,htslib/sam.c,5409,,,TRUE
overlap_remove,htslib/sam.c,5984,,,TRUE
hts_prefetch,htslib/htslib/hts_defs.h,144,,,TRUE
hts_prefetch,htslib/htslib/hts_defs.h,148,,,TRUE
bam_plp64_next,htslib/sam.c,6011,,,TRUE
cigar_iref2iseq_set,htslib/sam.c,5729,,,TRUE
cigar_iref2iseq_next,htslib/sam.c,5768,,,TRUE
__ac_X31_hash_string,htslib/htslib/khash.h,454,,,TRUE
__ac_Wang_hash,htslib/htslib/khash.h,528,,,TRUE
tweak_overlap_quality,htslib/sam.c,5803,,,TRUE
overlap_push,htslib/sam.c,5948,,,TRUE
bam_plp_push,htslib/sam.c,6081,,,TRUE
bam_plp64_auto,htslib/sam.c,6137,,,TRUE
bam_plp_auto,htslib/sam.c,6164,,,TRUE
main,htslib/test/pileup_mod.c,185,,,TRUE
readaln,htslib/test/pileup.c,62,,,TRUE
bam_plp_insertion_mod,htslib/sam.c,5517,,,TRUE
bam_plp_insertion,htslib/sam.c,5633,,,TRUE
print_pileup_seq,htslib/test/pileup.c,76,,,TRUE
print_pileup_qual,htslib/test/pileup.c,122,,,TRUE
test_pileup,htslib/test/pileup.c,135,,,TRUE
bam_mplp_init,htslib/sam.c,6211,,,TRUE
bam_plp_init_overlaps,htslib/sam.c,5681,,,TRUE
bam_mplp_init_overlaps,htslib/sam.c,6232,,,TRUE
bam_mplp_destroy,htslib/sam.c,6247,,,TRUE
bam_mplp64_auto,htslib/sam.c,6256,,,TRUE
bam_mplp_auto,htslib/sam.c,6297,,,TRUE
test_mpileup,htslib/test/pileup.c,177,,,TRUE
main,htslib/test/pileup.c,225,,,TRUE
hts_year_is_leap,htslib/hts_time_funcs.h,63,,,TRUE
hts_leaps_to_year_start,htslib/hts_time_funcs.h,69,,,TRUE
hts_time_normalise,htslib/hts_time_funcs.h,52,,,TRUE
hts_time_normalise_tm,htslib/hts_time_funcs.h,74,,,TRUE
hts_time_gm,htslib/hts_time_funcs.h,137,,,TRUE
test_normalised,htslib/test/test_time_funcs.c,36,,,TRUE
test_specific,htslib/test/test_time_funcs.c,53,,,TRUE
main,htslib/test/test_time_funcs.c,68,,,TRUE
isgraph_,htslib/faidx.c,47,,,TRUE
bgzf_getc_,htslib/faidx.c,58,,,TRUE
fai_name2id,htslib/faidx.c,86,,,TRUE
fai_load_format,htslib/faidx.c,711,,,TRUE
fai_set_cache_size,htslib/faidx.c,1028,,,TRUE
fai_thread_pool,htslib/faidx.c,1033,,,TRUE
hts_idx_locatefn,htslib/hts.c,4920,,,TRUE
fai_path,htslib/faidx.c,1037,,,TRUE
http_status_errno,htslib/hfile_libcurl.c,130,,,TRUE
http_status_errno,htslib/hfile_s3.c,1242,,,TRUE
easy_errno,htslib/hfile_libcurl.c,153,,,TRUE
is_retryable,htslib/hfile_libcurl.c,233,,,TRUE
multi_errno,htslib/hfile_libcurl.c,270,,,TRUE
share_lock,htslib/hfile_libcurl.c,309,,,TRUE
share_unlock,htslib/hfile_libcurl.c,314,,,TRUE
free_auth,htslib/hfile_libcurl.c,318,,,TRUE
libcurl_exit,htslib/hfile_libcurl.c,326,,,FALSE
append_header,htslib/hfile_libcurl.c,353,,,TRUE
free_headers,htslib/hfile_libcurl.c,372,,,TRUE
get_header_list,htslib/hfile_libcurl.c,387,,,TRUE
is_authorization,htslib/hfile_libcurl.c,395,,,TRUE
add_callback_headers,htslib/hfile_libcurl.c,399,,,TRUE
hts_json_alloc_token,htslib/textutils.c,222,,,TRUE
hts_json_token_type,htslib/textutils.c,227,,,TRUE
hts_json_free_token,htslib/textutils.c,232,,,TRUE
hts_json_token_str,htslib/textutils.c,237,,,TRUE
read_auth_json,htslib/hfile_libcurl.c,454,,,FALSE
read_auth_plain,htslib/hfile_libcurl.c,515,,,TRUE
renew_auth_token,htslib/hfile_libcurl.c,543,,,FALSE
add_auth_header,htslib/hfile_libcurl.c,587,,,FALSE
get_auth_token,htslib/hfile_libcurl.c,650,,,FALSE
process_messages,htslib/hfile_libcurl.c,718,,,FALSE
wait_perform,htslib/hfile_libcurl.c,736,,,FALSE
recv_callback,htslib/hfile_libcurl.c,789,,,TRUE
header_callback,htslib/hfile_libcurl.c,807,,,TRUE
refresh_retry_config,htslib/hfile_libcurl.c,821,,,FALSE
retry_sleep,htslib/hfile_libcurl.c,836,,,TRUE
restart_from_position,htslib/hfile_libcurl.c,1134,,,FALSE
retry_reconnect,htslib/hfile_libcurl.c,848,,,FALSE
libcurl_read,htslib/hfile_libcurl.c,876,,,FALSE
send_callback,htslib/hfile_libcurl.c,1006,,,TRUE
libcurl_write,htslib/hfile_libcurl.c,1024,,,FALSE
preserve_buffer_content,htslib/hfile_libcurl.c,1051,,,FALSE
libcurl_seek,htslib/hfile_libcurl.c,1071,,,FALSE
libcurl_close,htslib/hfile_libcurl.c,1266,,,FALSE
libcurl_open,htslib/hfile_libcurl.c,1313,,,FALSE
hopen_libcurl,htslib/hfile_libcurl.c,1549,,,FALSE
parse_va_list,htslib/hfile_libcurl.c,1554,16,self,FALSE
vhopen_libcurl,htslib/hfile_libcurl.c,1664,,,FALSE
PLUGIN_GLOBAL,htslib/hfile_libcurl.c,1679,,,FALSE
plugin_sym,htslib/plugin.c,172,,,TRUE
plugin_func,htslib/plugin.c,179,,,TRUE
hts_decode_percent,htslib/textutils.c,45,,,TRUE
debase64,htslib/textutils.c,63,,,TRUE
hts_base64_decoded_length,htslib/textutils.c,73,,,TRUE
hts_decode_base64,htslib/textutils.c,79,,,TRUE
sscan_string,htslib/textutils.c,125,,,TRUE
hts_json_snext,htslib/textutils.c,242,,,TRUE
snext,htslib/textutils.c,386,,,TRUE
hts_json_sskip_value,htslib/textutils.c,391,,,TRUE
fnext,htslib/textutils.c,397,,,TRUE
stringify_argv,htslib/textutils.c,419,,,TRUE
HTS_FORMAT,htslib/bgzip.c,51,,,TRUE
confirm_overwrite,htslib/bgzip.c,68,,,TRUE
known_extension,htslib/bgzip.c,82,,,TRUE
confirm_filename,htslib/bgzip.c,95,,,TRUE
getfilespec,htslib/bgzip.c,114,,,TRUE
setfilespec,htslib/bgzip.c,134,,,TRUE
check_name_and_extension,htslib/bgzip.c,168,,,TRUE
bgzip_main_usage,htslib/bgzip.c,192,,,TRUE
bgzf_block_write,htslib/bgzf.c,2029,,,TRUE
hts_detect_format,htslib/hts.c,551,,,TRUE
main,htslib/bgzip.c,217,,,FALSE
KHASH_DECLARE,htslib/header.c,44,,,TRUE
sam_hdr_nref,htslib/header.c,1592,,,TRUE
sam_hdr_find_line_id,htslib/header.c,1725,,,TRUE
sam_hdr_find_line_pos,htslib/header.c,1749,,,TRUE
sam_hdr_find_tag_pos,htslib/header.c,2314,,,TRUE
sam_hrecs_dup,htslib/header.c,2801,,,FALSE
sam_hrecs_dump,htslib/header.c,3076,,,FALSE
sam_hrecs_group_order,htslib/header.c,3154,,,FALSE
regidx_nregs,htslib/regidx.c,98,,,TRUE
regidx_seq_names,htslib/regidx.c,105,,,TRUE
parse_regions,htslib/tabix.c,135,,,FALSE
bcf_index_load3,htslib/vcf.c,4695,,,TRUE
query_regions,htslib/tabix.c,206,,,FALSE
query_chroms,htslib/tabix.c,396,,,FALSE
bgzf_raw_read,htslib/bgzf.c,1310,,,TRUE
bgzf_raw_write,htslib/bgzf.c,2063,,,TRUE
reheader_file,htslib/tabix.c,437,,,FALSE
tbx_index_build3,htslib/tbx.c,526,,,TRUE
main,htslib/tabix.c,614,,,FALSE
kf_lgamma,htslib/kfunc.c,39,,,TRUE
kf_erfc,htslib/kfunc.c,58,,,TRUE
_kf_gammap,htslib/kfunc.c,103,,,TRUE
_kf_gammaq,htslib/kfunc.c,114,,,TRUE
kf_gammap,htslib/kfunc.c,135,,,TRUE
kf_gammaq,htslib/kfunc.c,140,,,TRUE
kf_betai_aux,htslib/kfunc.c,152,,,TRUE
kf_betai,htslib/kfunc.c,176,,,TRUE
main,htslib/kfunc.c,183,,,FALSE
errmod_t,htslib/errmod.c,34,,,TRUE
logbinomial_table,htslib/errmod.c,51,,,TRUE
cal_coef,htslib/errmod.c,66,,,TRUE
errmod_init,htslib/errmod.c,117,,,TRUE
errmod_destroy,htslib/errmod.c,130,,,TRUE
errmod_cal,htslib/errmod.c,143,,,TRUE
regidx_seq_nregs,htslib/regidx.c,91,,,TRUE
regidx_insert_list,htslib/regidx.c,111,,,TRUE
cmp_reg_ptrs,htslib/regidx.c,142,,,TRUE
cmp_reg_ptrs2,htslib/regidx.c,146,,,TRUE
regidx_init_string,htslib/regidx.c,209,,,TRUE
regidx_parse_bed,htslib/regidx.c,466,,,TRUE
regidx_parse_vcf,htslib/regidx.c,538,,,TRUE
regitr_reset,htslib/regidx.c,599,,,TRUE
regitr_copy,htslib/regidx.c,681,,,TRUE
cram_not_enough_bits,htslib/cram/cram_codecs.h,230,,,TRUE
itf8_decode,htslib/cram/cram_io.c,138,,,TRUE
itf8_decode_crc,htslib/cram/cram_io.c,196,,,TRUE
ltf8_put,htslib/cram/cram_io.c,309,,,TRUE
itf8_encode,htslib/cram/cram_io.c,382,,,TRUE
ltf8_decode,htslib/cram/cram_io.c,420,,,TRUE
ltf8_decode_crc,htslib/cram/cram_io.c,501,,,TRUE
ltf8_put_blk,htslib/cram/cram_io.c,632,,,TRUE
safe_itf8_get,htslib/cram/cram_io.c,644,,,TRUE
safe_ltf8_get,htslib/cram/cram_io.c,673,,,TRUE
safe_itf8_put,htslib/cram/cram_io.c,747,,,TRUE
safe_ltf8_put,htslib/cram/cram_io.c,751,,,TRUE
itf8_size,htslib/cram/cram_io.c,755,,,TRUE
uint7_size,htslib/cram/cram_io.c,768,,,TRUE
uint7_get_32,htslib/cram/cram_io.c,772,,,TRUE
sint7_get_32,htslib/cram/cram_io.c,780,,,TRUE
uint7_get_64,htslib/cram/cram_io.c,788,,,TRUE
sint7_get_64,htslib/cram/cram_io.c,796,,,TRUE
uint7_put_32,htslib/cram/cram_io.c,804,,,TRUE
sint7_put_32,htslib/cram/cram_io.c,808,,,TRUE
uint7_put_64,htslib/cram/cram_io.c,812,,,TRUE
sint7_put_64,htslib/cram/cram_io.c,816,,,TRUE
uint7_put_blk_32,htslib/cram/cram_io.c,821,,,TRUE
sint7_put_blk_32,htslib/cram/cram_io.c,831,,,TRUE
uint7_put_blk_64,htslib/cram/cram_io.c,841,,,TRUE
sint7_put_blk_64,htslib/cram/cram_io.c,851,,,TRUE
uint7_decode_crc32,htslib/cram/cram_io.c,862,,,TRUE
sint7_decode_crc32,htslib/cram/cram_io.c,907,,,TRUE
uint7_decode_crc64,htslib/cram/cram_io.c,953,,,TRUE
cram_block_size,htslib/cram/cram_io.c,1490,,,TRUE
cram_set_header,htslib/cram/cram_io.c,2866,,,TRUE
cram_container_size,htslib/cram/cram_io.c,3945,,,TRUE
cram_store_container,htslib/cram/cram_io.c,3958,,,FALSE
cram_flush_thread,htslib/cram/cram_io.c,4154,,,FALSE
cram_open,htslib/cram/cram_io.c,5262,,,FALSE
cram_flush,htslib/cram/cram_io.c,5444,,,FALSE
cram_check_EOF,htslib/cram/cram_io.c,5958,,,FALSE
dump_index_,htslib/cram/cram_index.c,72,17,self,FALSE
dump_index,htslib/cram/cram_index.c,81,,,FALSE
cram_index_last,htslib/cram/cram_index.c,503,,,FALSE
cram_index_query_last,htslib/cram/cram_index.c,531,,,FALSE
cram_num_containers_between_,htslib/cram/cram_index.c,851,18,self,FALSE
cram_num_containers_between,htslib/cram/cram_index.c,889,,,FALSE
cram_num_containers,htslib/cram/cram_index.c,915,,,FALSE
cram_container_num2offset_,htslib/cram/cram_index.c,924,19,self,FALSE
cram_container_num2offset,htslib/cram/cram_index.c,948,,,FALSE
cram_container_offset2num_,htslib/cram/cram_index.c,970,20,self,FALSE
cram_container_offset2num,htslib/cram/cram_index.c,994,,,FALSE
cram_index_extents,htslib/cram/cram_index.c,1021,,,FALSE
nbits,htslib/cram/cram_decode.c,1051,,,TRUE
sort_freqs,htslib/cram/cram_decode.c,1069,,,TRUE
cram_decode_slice_thread,htslib/cram/cram_decode.c,3036,,,FALSE
mstdin,htslib/cram/mFILE.c,151,,,TRUE
init_mstdin,htslib/cram/mFILE.c,161,,,TRUE
mstdout,htslib/cram/mFILE.c,176,,,TRUE
mstderr,htslib/cram/mFILE.c,192,,,TRUE
mfrecreate,htslib/cram/mFILE.c,225,,,TRUE
mfcreate_from,htslib/cram/mFILE.c,246,,,TRUE
mfseek,htslib/cram/mFILE.c,451,,,TRUE
mftell,htslib/cram/mFILE.c,471,,,TRUE
mftruncate,htslib/cram/mFILE.c,488,,,TRUE
mfeof,htslib/cram/mFILE.c,494,,,TRUE
mfread,htslib/cram/mFILE.c,502,,,TRUE
mfgetc,htslib/cram/mFILE.c,557,,,TRUE
mungetc,htslib/cram/mFILE.c,567,,,TRUE
mfgets,htslib/cram/mFILE.c,577,,,TRUE
mfascii,htslib/cram/mFILE.c,656,,,TRUE
main,htslib/cram/pooled_alloc.c,167,,,TRUE
block_resize_exact,htslib/cram/cram_io.h,216,,,TRUE
block_resize,htslib/cram/cram_io.h,226,,,TRUE
block_grow,htslib/cram/cram_io.h,243,,,TRUE
block_append,htslib/cram/cram_io.h,248,,,TRUE
block_append_char,htslib/cram/cram_io.h,261,,,TRUE
block_append_uint,htslib/cram/cram_io.h,271,,,TRUE
get_bit_MSB,htslib/cram/cram_codecs.c,73,,,TRUE
get_one_bits_MSB,htslib/cram/cram_codecs.c,95,,,TRUE
get_zero_bits_MSB,htslib/cram/cram_codecs.c,113,,,TRUE
store_bit_MSB,htslib/cram/cram_codecs.c,133,,,TRUE
store_bytes_MSB,htslib/cram/cram_codecs.c,152,,,TRUE
get_bits_MSB,htslib/cram/cram_codecs.c,169,,,TRUE
store_bits_MSB,htslib/cram/cram_codecs.c,259,,,TRUE
cram_extract_block,htslib/cram/cram_codecs.c,319,,,TRUE
cram_external_decode_int,htslib/cram/cram_codecs.c,350,,,TRUE
cram_external_decode_long,htslib/cram/cram_codecs.c,370,,,TRUE
cram_external_decode_char,htslib/cram/cram_codecs.c,390,,,TRUE
cram_external_decode_block,htslib/cram/cram_codecs.c,410,,,TRUE
cram_external_decode_free,htslib/cram/cram_codecs.c,433,,,TRUE
cram_external_decode_size,htslib/cram/cram_codecs.c,439,,,TRUE
cram_external_get_block,htslib/cram/cram_codecs.c,450,,,TRUE
cram_external_describe,htslib/cram/cram_codecs.c,454,,,TRUE
cram_external_decode_init,htslib/cram/cram_codecs.c,459,,,TRUE
cram_external_encode_int,htslib/cram/cram_codecs.c,523,,,TRUE
cram_external_encode_sint,htslib/cram/cram_codecs.c,529,,,TRUE
cram_external_encode_long,htslib/cram/cram_codecs.c,535,,,TRUE
cram_external_encode_slong,htslib/cram/cram_codecs.c,541,,,TRUE
cram_external_encode_char,htslib/cram/cram_codecs.c,547,,,TRUE
cram_external_encode_free,htslib/cram/cram_codecs.c,556,,,TRUE
cram_external_encode_store,htslib/cram/cram_codecs.c,562,,,TRUE
cram_external_encode_init,htslib/cram/cram_codecs.c,586,,,TRUE
cram_varint_decode_int,htslib/cram/cram_codecs.c,644,,,TRUE
cram_varint_decode_sint,htslib/cram/cram_codecs.c,666,,,TRUE
cram_varint_decode_long,htslib/cram/cram_codecs.c,688,,,TRUE
cram_varint_decode_slong,htslib/cram/cram_codecs.c,710,,,TRUE
cram_varint_decode_free,htslib/cram/cram_codecs.c,732,,,TRUE
cram_varint_decode_size,htslib/cram/cram_codecs.c,737,,,TRUE
cram_varint_get_block,htslib/cram/cram_codecs.c,748,,,TRUE
cram_varint_describe,htslib/cram/cram_codecs.c,752,,,TRUE
cram_varint_decode_init,htslib/cram/cram_codecs.c,760,,,TRUE
cram_varint_encode_int,htslib/cram/cram_codecs.c,820,,,TRUE
cram_varint_encode_sint,htslib/cram/cram_codecs.c,827,,,TRUE
cram_varint_encode_long,htslib/cram/cram_codecs.c,834,,,TRUE
cram_varint_encode_slong,htslib/cram/cram_codecs.c,841,,,TRUE
cram_varint_encode_free,htslib/cram/cram_codecs.c,848,,,TRUE
cram_varint_encode_store,htslib/cram/cram_codecs.c,854,,,TRUE
cram_varint_encode_init,htslib/cram/cram_codecs.c,878,,,TRUE
cram_const_decode_byte,htslib/cram/cram_codecs.c,932,,,TRUE
cram_const_decode_int,htslib/cram/cram_codecs.c,945,,,TRUE
cram_const_decode_long,htslib/cram/cram_codecs.c,956,,,TRUE
cram_const_decode_free,htslib/cram/cram_codecs.c,967,,,TRUE
cram_const_decode_size,htslib/cram/cram_codecs.c,972,,,TRUE
cram_const_describe,htslib/cram/cram_codecs.c,976,,,TRUE
cram_const_decode_init,htslib/cram/cram_codecs.c,981,,,TRUE
cram_const_encode,htslib/cram/cram_codecs.c,1020,,,TRUE
cram_const_encode_store,htslib/cram/cram_codecs.c,1025,,,TRUE
cram_const_encode_init,htslib/cram/cram_codecs.c,1048,,,TRUE
cram_beta_decode_long,htslib/cram/cram_codecs.c,1072,,,TRUE
cram_beta_decode_int,htslib/cram/cram_codecs.c,1090,,,TRUE
cram_beta_decode_char,htslib/cram/cram_codecs.c,1108,,,TRUE
cram_beta_decode_free,htslib/cram/cram_codecs.c,1131,,,TRUE
cram_beta_describe,htslib/cram/cram_codecs.c,1136,,,TRUE
cram_beta_decode_init,htslib/cram/cram_codecs.c,1142,,,TRUE
cram_beta_encode_store,htslib/cram/cram_codecs.c,1183,,,TRUE
cram_beta_encode_long,htslib/cram/cram_codecs.c,1207,,,TRUE
cram_beta_encode_int,htslib/cram/cram_codecs.c,1219,,,TRUE
cram_beta_encode_char,htslib/cram/cram_codecs.c,1231,,,TRUE
cram_beta_encode_free,htslib/cram/cram_codecs.c,1243,,,TRUE
cram_beta_encode_init,htslib/cram/cram_codecs.c,1247,,,TRUE
cram_xpack_decode_long,htslib/cram/cram_codecs.c,1344,,,TRUE
cram_xpack_decode_int,htslib/cram/cram_codecs.c,1359,,,TRUE
cram_xpack_decode_expand_char,htslib/cram/cram_codecs.c,1377,,,TRUE
cram_xpack_decode_char,htslib/cram/cram_codecs.c,1408,,,TRUE
cram_xpack_decode_free,htslib/cram/cram_codecs.c,1431,,,TRUE
cram_xpack_decode_size,htslib/cram/cram_codecs.c,1443,,,TRUE
cram_xpack_get_block,htslib/cram/cram_codecs.c,1448,,,TRUE
cram_xpack_decode_init,htslib/cram/cram_codecs.c,1453,,,TRUE
cram_xpack_encode_flush,htslib/cram/cram_codecs.c,1515,,,TRUE
cram_xpack_encode_store,htslib/cram/cram_codecs.c,1537,,,TRUE
cram_xpack_encode_long,htslib/cram/cram_codecs.c,1581,,,TRUE
cram_xpack_encode_int,htslib/cram/cram_codecs.c,1592,,,TRUE
cram_xpack_encode_char,htslib/cram/cram_codecs.c,1603,,,TRUE
cram_xpack_encode_free,htslib/cram/cram_codecs.c,1612,,,TRUE
cram_xpack_encode_init,htslib/cram/cram_codecs.c,1623,,,TRUE
zigzag8,htslib/cram/cram_codecs.c,1676,,,TRUE
zigzag16,htslib/cram/cram_codecs.c,1677,,,TRUE
zigzag32,htslib/cram/cram_codecs.c,1678,,,TRUE
unzigzag16,htslib/cram/cram_codecs.c,1681,,,TRUE
unzigzag32,htslib/cram/cram_codecs.c,1682,,,TRUE
cram_xdelta_decode_long,htslib/cram/cram_codecs.c,1684,,,TRUE
cram_xdelta_decode_int,htslib/cram/cram_codecs.c,1688,,,TRUE
cram_xdelta_decode_expand_char,htslib/cram/cram_codecs.c,1705,,,TRUE
cram_xdelta_decode_char,htslib/cram/cram_codecs.c,1709,,,TRUE
le_int2,htslib/cram/cram_codecs.c,1713,,,TRUE
le_int2,htslib/cram/os.h,158,,,TRUE
cram_xdelta_decode_block,htslib/cram/cram_codecs.c,1719,,,TRUE
cram_xdelta_decode_free,htslib/cram/cram_codecs.c,1762,,,TRUE
cram_xdelta_decode_size,htslib/cram/cram_codecs.c,1771,,,TRUE
cram_xdelta_get_block,htslib/cram/cram_codecs.c,1776,,,TRUE
cram_xdelta_decode_init,htslib/cram/cram_codecs.c,1781,,,TRUE
cram_xdelta_encode_flush,htslib/cram/cram_codecs.c,1835,,,TRUE
cram_xdelta_encode_store,htslib/cram/cram_codecs.c,1930,,,TRUE
cram_xdelta_encode_long,htslib/cram/cram_codecs.c,1966,,,TRUE
cram_xdelta_encode_int,htslib/cram/cram_codecs.c,1971,,,TRUE
cram_xdelta_encode_char,htslib/cram/cram_codecs.c,1976,,,TRUE
cram_xdelta_encode_free,htslib/cram/cram_codecs.c,2011,,,TRUE
cram_xdelta_encode_init,htslib/cram/cram_codecs.c,2022,,,TRUE
cram_xrle_decode_long,htslib/cram/cram_codecs.c,2063,,,TRUE
cram_xrle_decode_int,htslib/cram/cram_codecs.c,2068,,,TRUE
cram_xrle_decode_expand_char,htslib/cram/cram_codecs.c,2074,,,TRUE
cram_xrle_decode_size,htslib/cram/cram_codecs.c,2115,,,TRUE
cram_xrle_get_block,htslib/cram/cram_codecs.c,2120,,,TRUE
cram_xrle_decode_char,htslib/cram/cram_codecs.c,2125,,,TRUE
cram_xrle_decode_free,htslib/cram/cram_codecs.c,2172,,,TRUE
cram_xrle_decode_init,htslib/cram/cram_codecs.c,2184,,,TRUE
cram_xrle_encode_flush,htslib/cram/cram_codecs.c,2257,,,TRUE
cram_xrle_encode_store,htslib/cram/cram_codecs.c,2303,,,TRUE
cram_xrle_encode_long,htslib/cram/cram_codecs.c,2359,,,TRUE
cram_xrle_encode_int,htslib/cram/cram_codecs.c,2365,,,TRUE
cram_xrle_encode_char,htslib/cram/cram_codecs.c,2371,,,TRUE
cram_xrle_encode_free,htslib/cram/cram_codecs.c,2396,,,TRUE
cram_xrle_encode_init,htslib/cram/cram_codecs.c,2409,,,TRUE
cram_subexp_decode,htslib/cram/cram_codecs.c,2452,,,TRUE
cram_subexp_decode_free,htslib/cram/cram_codecs.c,2496,,,TRUE
cram_subexp_describe,htslib/cram/cram_codecs.c,2501,,,TRUE
cram_subexp_decode_init,htslib/cram/cram_codecs.c,2508,,,TRUE
cram_gamma_decode,htslib/cram/cram_codecs.c,2546,,,TRUE
cram_gamma_decode_free,htslib/cram/cram_codecs.c,2570,,,TRUE
cram_gamma_describe,htslib/cram/cram_codecs.c,2575,,,TRUE
cram_gamma_decode_init,htslib/cram/cram_codecs.c,2580,,,TRUE
code_sort,htslib/cram/cram_codecs.c,2622,,,TRUE
cram_huffman_decode_free,htslib/cram/cram_codecs.c,2632,,,TRUE
cram_huffman_decode_null,htslib/cram/cram_codecs.c,2641,,,TRUE
cram_huffman_decode_char0,htslib/cram/cram_codecs.c,2646,,,TRUE
cram_huffman_decode_char,htslib/cram/cram_codecs.c,2660,,,TRUE
cram_huffman_decode_int0,htslib/cram/cram_codecs.c,2695,,,TRUE
cram_huffman_decode_int,htslib/cram/cram_codecs.c,2708,,,TRUE
cram_huffman_decode_long0,htslib/cram/cram_codecs.c,2745,,,TRUE
cram_huffman_decode_long,htslib/cram/cram_codecs.c,2758,,,TRUE
cram_huffman_describe,htslib/cram/cram_codecs.c,2795,,,TRUE
cram_huffman_decode_init,htslib/cram/cram_codecs.c,2814,,,TRUE
cram_huffman_encode_char0,htslib/cram/cram_codecs.c,2989,,,TRUE
cram_huffman_encode_char,htslib/cram/cram_codecs.c,2994,,,TRUE
cram_huffman_encode_int0,htslib/cram/cram_codecs.c,3025,,,TRUE
cram_huffman_encode_int,htslib/cram/cram_codecs.c,3030,,,TRUE
cram_huffman_encode_long0,htslib/cram/cram_codecs.c,3062,,,TRUE
cram_huffman_encode_long,htslib/cram/cram_codecs.c,3067,,,TRUE
cram_huffman_encode_free,htslib/cram/cram_codecs.c,3099,,,TRUE
cram_huffman_encode_store,htslib/cram/cram_codecs.c,3112,,,TRUE
cram_huffman_encode_init,htslib/cram/cram_codecs.c,3176,,,TRUE
cram_byte_array_len_decode,htslib/cram/cram_codecs.c,3371,,,TRUE
cram_byte_array_len_decode_free,htslib/cram/cram_codecs.c,3400,,,TRUE
cram_byte_array_len_describe,htslib/cram/cram_codecs.c,3412,,,TRUE
cram_byte_array_len_decode_init,htslib/cram/cram_codecs.c,3428,,,TRUE
cram_byte_array_len_encode,htslib/cram/cram_codecs.c,3479,,,TRUE
cram_byte_array_len_encode_free,htslib/cram/cram_codecs.c,3493,,,TRUE
cram_byte_array_len_encode_store,htslib/cram/cram_codecs.c,3506,,,TRUE
cram_byte_array_len_encode_init,htslib/cram/cram_codecs.c,3547,,,TRUE
cram_byte_array_stop_decode_char,htslib/cram/cram_codecs.c,3586,,,TRUE
cram_byte_array_stop_decode_block,htslib/cram/cram_codecs.c,3626,,,TRUE
cram_byte_array_stop_decode_free,htslib/cram/cram_codecs.c,3669,,,TRUE
cram_byte_array_stop_describe,htslib/cram/cram_codecs.c,3675,,,TRUE
cram_byte_array_stop_decode_init,htslib/cram/cram_codecs.c,3682,,,TRUE
cram_byte_array_stop_encode,htslib/cram/cram_codecs.c,3733,,,TRUE
cram_byte_array_stop_encode_free,htslib/cram/cram_codecs.c,3743,,,TRUE
cram_byte_array_stop_encode_store,htslib/cram/cram_codecs.c,3749,,,TRUE
cram_byte_array_stop_encode_init,htslib/cram/cram_codecs.c,3785,,,TRUE
cram_codec_decoder2encoder,htslib/cram/cram_codecs.c,4031,21,self,TRUE
cram_codec_describe,htslib/cram/cram_codecs.c,4185,,,TRUE
cram_fd_get_header,htslib/cram/cram_external.c,58,,,TRUE
cram_fd_set_header,htslib/cram/cram_external.c,59,,,TRUE
cram_fd_get_version,htslib/cram/cram_external.c,61,,,TRUE
cram_fd_set_version,htslib/cram/cram_external.c,62,,,TRUE
cram_major_vers,htslib/cram/cram_external.c,64,,,TRUE
cram_minor_vers,htslib/cram/cram_external.c,65,,,TRUE
cram_fd_get_fp,htslib/cram/cram_external.c,67,,,TRUE
cram_fd_set_fp,htslib/cram/cram_external.c,68,,,TRUE
cram_container_get_length,htslib/cram/cram_external.c,75,,,TRUE
cram_container_set_length,htslib/cram/cram_external.c,79,,,TRUE
cram_container_get_num_blocks,htslib/cram/cram_external.c,84,,,TRUE
cram_container_set_num_blocks,htslib/cram/cram_external.c,88,,,TRUE
cram_container_get_num_records,htslib/cram/cram_external.c,92,,,TRUE
cram_container_get_num_bases,htslib/cram/cram_external.c,96,,,TRUE
cram_container_get_landmarks,htslib/cram/cram_external.c,104,,,TRUE
cram_container_set_landmarks,htslib/cram/cram_external.c,112,,,TRUE
cram_container_is_empty,htslib/cram/cram_external.c,120,,,TRUE
cram_container_get_coords,htslib/cram/cram_external.c,124,,,TRUE
cram_block_compression_hdr_set_DS,htslib/cram/cram_external.c,152,,,TRUE
cram_block_compression_hdr_set_rg,htslib/cram/cram_external.c,177,,,TRUE
cram_block_compression_hdr_decoder2encoder,htslib/cram/cram_external.c,189,,,TRUE
cram_codec_iter_init,htslib/cram/cram_external.c,215,,,TRUE
cram_ds_to_key,htslib/cram/cram_external.c,224,,,TRUE
cram_codec_iter_next,htslib/cram/cram_external.c,264,,,TRUE
cram_cid2ds_free,htslib/cram/cram_external.c,320,,,TRUE
cram_codec_get_content_ids,htslib/cram/cram_external.c,665,,,TRUE
cram_update_cid2ds_map,htslib/cram/cram_external.c,342,,,TRUE
cram_cid2ds_query,htslib/cram/cram_external.c,443,,,TRUE
cram_describe_encodings,htslib/cram/cram_external.c,476,,,TRUE
cram_slice_hdr_get_num_blocks,htslib/cram/cram_external.c,500,,,TRUE
cram_slice_hdr_get_embed_ref_id,htslib/cram/cram_external.c,504,,,TRUE
cram_slice_hdr_get_coords,htslib/cram/cram_external.c,508,,,TRUE
cram_block_get_content_id,htslib/cram/cram_external.c,522,,,TRUE
cram_block_get_comp_size,htslib/cram/cram_external.c,525,,,TRUE
cram_block_get_uncomp_size,htslib/cram/cram_external.c,526,,,TRUE
cram_block_get_crc32,htslib/cram/cram_external.c,527,,,TRUE
cram_block_get_data,htslib/cram/cram_external.c,528,,,TRUE
cram_block_get_size,htslib/cram/cram_external.c,529,,,TRUE
cram_block_get_method,htslib/cram/cram_external.c,530,,,TRUE
cram_block_get_content_type,htslib/cram/cram_external.c,533,,,TRUE
cram_block_set_content_id,htslib/cram/cram_external.c,537,,,TRUE
cram_block_set_comp_size,htslib/cram/cram_external.c,538,,,TRUE
cram_block_set_uncomp_size,htslib/cram/cram_external.c,539,,,TRUE
cram_block_set_crc32,htslib/cram/cram_external.c,540,,,TRUE
cram_block_set_data,htslib/cram/cram_external.c,541,,,TRUE
cram_block_set_size,htslib/cram/cram_external.c,542,,,TRUE
cram_block_append,htslib/cram/cram_external.c,544,,,TRUE
cram_block_update_size,htslib/cram/cram_external.c,551,,,TRUE
cram_block_get_offset,htslib/cram/cram_external.c,554,,,TRUE
cram_block_set_offset,htslib/cram/cram_external.c,555,,,TRUE
cram_expand_method,htslib/cram/cram_external.c,568,,,TRUE
cram_copy_slice,htslib/cram/cram_external.c,683,,,TRUE
cram_skip_container,htslib/cram/cram_external.c,725,,,TRUE
cram_filter_container,htslib/cram/cram_external.c,776,,,FALSE
cram_transcode_rg,htslib/cram/cram_external.c,934,,,FALSE
cram_get_refs,htslib/cram/cram_external.c,1029,,,TRUE
compare_hts_pair_pos_t,htslib/region.c,41,,,TRUE
reg_print,htslib/region.c,57,,,FALSE
bcf_sr_set_threads,htslib/synced_bcf_reader.c,227,,,TRUE
bcf_sr_sort_remove_reader,htslib/bcf_sr_sort.c,662,,,TRUE
bcf_sr_remove_reader,htslib/synced_bcf_reader.c,501,,,TRUE
debug_buffer,htslib/synced_bcf_reader.c,518,,,TRUE
debug_buffers,htslib/synced_bcf_reader.c,531,,,TRUE
bcf_sr_sort_reset,htslib/bcf_sr_sort.c,681,,,TRUE
bcf_sr_seek,htslib/synced_bcf_reader.c,908,,,TRUE
khash_str2int_has_key,htslib/htslib/khash_str2int.h,66,,,TRUE
bcf_sr_set_samples,htslib/synced_bcf_reader.c,937,,,TRUE
regions_cmp,htslib/synced_bcf_reader.c,1060,,,TRUE
s3_sign,htslib/hfile_s3.c,114,,,FALSE
s3_sha256,htslib/hfile_s3.c,122,,,FALSE
s3_sign_sha256,htslib/hfile_s3.c,127,,,FALSE
s3_sign,htslib/hfile_s3.c,142,,,FALSE
s3_sha256,htslib/hfile_s3.c,152,,,FALSE
s3_sign_sha256,htslib/hfile_s3.c,157,,,FALSE
urldecode_kput,htslib/hfile_s3.c,165,,,TRUE
base64_kput,htslib/hfile_s3.c,181,,,TRUE
is_dns_compliant,htslib/hfile_s3.c,206,,,TRUE
expand_tilde_open,htslib/hfile_s3.c,231,,,TRUE
kfgetline,htslib/kstring.c,299,,,TRUE
parse_ini,htslib/hfile_s3.c,252,,,FALSE
parse_simple,htslib/hfile_s3.c,294,,,TRUE
parse_rfc3339_date,htslib/hfile_s3.c,333,,,TRUE
refresh_auth_data,htslib/hfile_s3.c,378,,,FALSE
escape_query,htslib/hfile_s3.c,396,,,TRUE
escape_path,htslib/hfile_s3.c,424,,,TRUE
ispunct_c,htslib/textutils_internal.h,175,,,TRUE
redirect_endpoint,htslib/hfile_s3.c,488,,,FALSE
setup_auth_data,htslib/hfile_s3.c,545,,,FALSE
v2_authorisation,htslib/hfile_s3.c,774,,,FALSE
hash_string,htslib/hfile_s3.c,836,,,FALSE
make_signature,htslib/hfile_s3.c,848,,,FALSE
make_authorisation,htslib/hfile_s3.c,884,,,FALSE
update_time,htslib/hfile_s3.c,968,,,TRUE
query_cmp,htslib/hfile_s3.c,999,,,TRUE
ksplit_core,htslib/kstring.c,224,,,TRUE
ksplit,htslib/htslib/kstring.h,453,,,TRUE
order_query_string,htslib/hfile_s3.c,1009,,,TRUE
v4_authorisation,htslib/hfile_s3.c,1055,,,FALSE
set_region,htslib/hfile_s3.c,1112,,,TRUE
share_lock,htslib/hfile_s3.c,1133,,,TRUE
share_unlock,htslib/hfile_s3.c,1138,,,TRUE
initialise_authorisation_values,htslib/hfile_s3.c,1143,,,TRUE
clear_authorisation_values,htslib/hfile_s3.c,1153,,,TRUE
stristr,htslib/hfile_s3.c,1176,,,TRUE
get_entry,htslib/hfile_s3.c,1198,,,TRUE
report_s3_error,htslib/hfile_s3.c,1218,,,FALSE
initialise_local,htslib/hfile_s3.c,1268,,,TRUE
response_callback,htslib/hfile_s3.c,1292,,,TRUE
add_header,htslib/hfile_s3.c,1304,,,TRUE
set_html_headers,htslib/hfile_s3.c,1318,,,TRUE
abort_upload,htslib/hfile_s3.c,1417,,,FALSE
complete_upload,htslib/hfile_s3.c,1479,,,FALSE
upload_callback,htslib/hfile_s3.c,1545,,,TRUE
upload_part,htslib/hfile_s3.c,1563,,,FALSE
s3_write,htslib/hfile_s3.c,1625,,,FALSE
s3_write_close,htslib/hfile_s3.c,1682,,,FALSE
handle_bad_request,htslib/hfile_s3.c,1762,,,FALSE
initialise_upload,htslib/hfile_s3.c,1779,,,FALSE
get_upload_id,htslib/hfile_s3.c,1837,,,FALSE
recv_callback,htslib/hfile_s3.c,1854,,,TRUE
s3_read_close,htslib/hfile_s3.c,1869,,,TRUE
get_part,htslib/hfile_s3.c,1878,,,FALSE
s3_read,htslib/hfile_s3.c,1949,,,FALSE
s3_seek,htslib/hfile_s3.c,2015,,,TRUE
initialise_download,htslib/hfile_s3.c,2074,,,FALSE
s3_close,htslib/hfile_s3.c,2083,,,FALSE
s3_write_open,htslib/hfile_s3.c,2102,,,FALSE
s3_read_open,htslib/hfile_s3.c,2230,,,FALSE
s3_open_v4,htslib/hfile_s3.c,2348,,,FALSE
s3_open_v2,htslib/hfile_s3.c,2374,,,FALSE
hopen_s3,htslib/hfile_s3.c,2400,,,FALSE
vhopen_s3,htslib/hfile_s3.c,2414,,,FALSE
s3_exit,htslib/hfile_s3.c,2426,,,TRUE
PLUGIN_GLOBAL,htslib/hfile_s3.c,2436,,,FALSE
cmpstringp,htslib/bcf_sr_sort.c,258,,,TRUE
xstreq,htslib/vcf.c,63,,,TRUE
bcf_hdr_decr_ref,htslib/vcf.c,202,,,TRUE
hdr_bgzf_private_data_cleanup,htslib/vcf.c,212,,,TRUE
find_chrom_header_line,htslib/vcf.c,218,,,TRUE
bcf_hrec_dup,htslib/vcf.c,368,,,TRUE
bcf_hrec_debug,htslib/vcf.c,413,,,TRUE
bcf_header_debug,htslib/vcf.c,422,,,TRUE
bcf_hdr_update_hrec,htslib/vcf.c,1085,,,FALSE
bcf_hdr_printf,htslib/vcf.c,1566,,,FALSE
bcf_hdr_set_version,htslib/vcf.c,1607,,,TRUE
bcf_empty,htslib/vcf.c,1854,,,TRUE
bcf_readrec,htslib/vcf.c,2267,,,FALSE
hts_readlines,htslib/hts.c,2130,,,TRUE
bcf_hdr_set,htslib/vcf.c,2680,,,TRUE
bcf_hrec_format,htslib/vcf.c,2735,,,TRUE
bcf_hdr_fmt_text,htslib/vcf.c,2758,,,TRUE
vcf_write_line,htslib/vcf.c,4576,,,TRUE
bcf_index_build2,htslib/vcf.c,4744,,,TRUE
bcf_hdr_name2id_wrapper,htslib/vcf.c,4827,,,TRUE
bcf_itr_querys1,htslib/vcf.c,4831,,,TRUE
bcf_hdr_combine,htslib/vcf.c,4842,,,TRUE
bcf_hdr_merge,htslib/vcf.c,4918,,,TRUE
bcf_translate,htslib/vcf.c,5020,,,TRUE
bcf_hdr_subset,htslib/vcf.c,5157,,,TRUE
bcf_hdr_set_samples,htslib/vcf.c,5220,,,TRUE
bcf_subset,htslib/vcf.c,5328,,,TRUE
bcf_is_snp,htslib/vcf.c,5355,,,TRUE
bcf_get_variant_type,htslib/vcf.c,5485,,,TRUE
bcf_has_variant_type,htslib/vcf.c,5501,,,TRUE
bcf_variant_length,htslib/vcf.c,5513,,,TRUE
bcf_has_variant_types,htslib/vcf.c,5522,,,TRUE
bcf_add_filter,htslib/vcf.c,5837,,,TRUE
bcf_remove_filter,htslib/vcf.c,5855,,,TRUE
bcf_has_filter,htslib/vcf.c,5869,,,TRUE
bcf_add_id,htslib/vcf.c,6002,,,TRUE
bcf_get_format_string,htslib/vcf.c,6152,,,TRUE
bcf_get_format_values,htslib/vcf.c,6191,,,TRUE
multipart_read,htslib/multipart.c,73,,,FALSE
multipart_write,htslib/multipart.c,114,,,TRUE
multipart_seek,htslib/multipart.c,120,,,TRUE
multipart_close,htslib/multipart.c,126,,,TRUE
isgraph_c,htslib/textutils_internal.h,172,,,TRUE
sam_cap_mapq,htslib/realn.c,39,,,TRUE
hts_filter_eval,htslib/hts_expr.c,903,,,TRUE
bgzf_idx_flush,htslib/bgzf.c,228,,,FALSE
hts_crc32,htslib/bgzf.c,557,,,TRUE
hts_crc32,htslib/bgzf.c,620,,,TRUE
bgzf_encode_func,htslib/bgzf.c,1330,,,FALSE
bgzf_encode_level0_func,htslib/bgzf.c,1345,,,FALSE
bgzf_decode_func,htslib/bgzf.c,1373,,,FALSE
bgzf_nul_func,htslib/bgzf.c,1390,,,TRUE
bgzf_mt_writer,htslib/bgzf.c,1398,,,FALSE
bgzf_mt_read_block,htslib/bgzf.c,1485,,,FALSE
bgzf_mt_eof,htslib/bgzf.c,1566,,,TRUE
bgzf_mt_seek,htslib/bgzf.c,1583,,,TRUE
hts_tpool_process_ref_decr,htslib/thread_pool.c,274,,,TRUE
bgzf_mt_reader,htslib/bgzf.c,1598,,,FALSE
bgzf_is_bgzf,htslib/bgzf.c,2260,,,TRUE
_dorand48,htslib/os/rand.c,45,,,TRUE
hts_srand48,htslib/os/rand.c,65,,,TRUE
hts_erand48,htslib/os/rand.c,77,,,TRUE
hts_erand48,htslib/hts_os.c,45,,,TRUE
hts_drand48,htslib/os/rand.c,86,,,TRUE
hts_lrand48,htslib/os/rand.c,92,,,TRUE
view_raw,htslib/htsfile.c,152,,,TRUE
copy_raw,htslib/htsfile.c,169,,,TRUE
hts_format_description,htslib/hts.c,775,,,TRUE
main,htslib/htsfile.c,227,,,FALSE
main,htslib/probaln.c,438,,,FALSE
HTS_FORMAT,htslib/annot-tsv.c,119,,,TRUE
nbp_destroy,htslib/annot-tsv.c,137,,,TRUE
nbp_reset,htslib/annot-tsv.c,142,,,TRUE
nbp_add,htslib/annot-tsv.c,148,,,TRUE
compare_hts_pos,htslib/annot-tsv.c,160,,,TRUE
nbp_length,htslib/annot-tsv.c,168,,,TRUE
cols_split,htslib/annot-tsv.c,187,,,TRUE
cols_append,htslib/annot-tsv.c,217,,,TRUE
cols_clear,htslib/annot-tsv.c,261,,,TRUE
cols_destroy,htslib/annot-tsv.c,269,,,TRUE
parse_tab_with_payload,htslib/annot-tsv.c,276,,,TRUE
free_payload,htslib/annot-tsv.c,322,,,TRUE
parse_header,htslib/annot-tsv.c,335,,,FALSE
write_header,htslib/annot-tsv.c,440,,,FALSE
destroy_header,htslib/annot-tsv.c,465,,,TRUE
read_next_line,htslib/annot-tsv.c,471,,,TRUE
sanity_check_columns,htslib/annot-tsv.c,480,,,TRUE
parse_coor_base,htslib/annot-tsv.c,495,,,TRUE
init_data,htslib/annot-tsv.c,515,,,FALSE
destroy_data,htslib/annot-tsv.c,666,,,TRUE
write_string,htslib/annot-tsv.c,703,,,TRUE
write_annots,htslib/annot-tsv.c,709,,,TRUE
process_line,htslib/annot-tsv.c,737,,,FALSE
usage_text,htslib/annot-tsv.c,880,,,TRUE
main,htslib/annot-tsv.c,956,,,FALSE
hts_srand48,htslib/hts_os.c,35,,,TRUE
hts_drand48,htslib/hts_os.c,48,,,TRUE
hts_lrand48,htslib/hts_os.c,51,,,TRUE
bcf_calc_ac,htslib/vcfutils.c,32,,,TRUE
bcf_gt_type,htslib/vcfutils.c,134,,,TRUE
bcf_trim_alleles,htslib/vcfutils.c,186,,,TRUE
bcf_remove_alleles,htslib/vcfutils.c,241,,,TRUE
hts_flush,htslib/hts.c,1712,,,TRUE
hts_format_file_extension,htslib/hts.c,1749,,,TRUE
hgetln_wrapper,htslib/hts.c,2031,,,TRUE
hts_file_type,htslib/hts.c,2186,,,TRUE
hts_check_EOF,htslib/hts.c,2208,,,TRUE
hts_idx_seqnames,htslib/hts.c,3090,,,TRUE
hts_idx_nseq,htslib/hts.c,3110,,,TRUE
hts_idx_get_stat,htslib/hts.c,3115,,,TRUE
hts_idx_get_n_no_coor,htslib/hts.c,3136,,,TRUE
add_to_interval,htslib/hts.c,3221,,,TRUE
reg2intervals_narrow,htslib/hts.c,3252,,,TRUE
reg2intervals_wide,htslib/hts.c,3276,,,TRUE
reg2intervals,htslib/hts.c,3304,,,TRUE
compare_regions,htslib/hts.c,3361,,,TRUE
hts_itr_multi_bam,htslib/hts.c,3602,,,TRUE
hts_itr_multi_cram,htslib/hts.c,3746,,,FALSE
hts_parse_reg64,htslib/hts.c,4160,,,TRUE
hts_parse_reg,htslib/hts.c,4180,,,TRUE
hts_idx_load,htslib/hts.c,4978,,,TRUE
hts_realloc_or_die,htslib/hts.c,5035,,,TRUE
hts_resize_array_,htslib/hts.c,5095,,,TRUE
hfile_shutdown,htslib/hfile.c,983,,,FALSE
hts_lib_shutdown,htslib/hts.c,5151,,,FALSE
hts_free,htslib/hts.c,5156,,,TRUE
cpu_supports_neon,htslib/simd.c,75,,,TRUE
nibble2base_ssse3,htslib/simd.c,132,,,TRUE
nibble2base_resolve,htslib/simd.c,164,,,TRUE
nibble2base_neon,htslib/simd.c,173,,,TRUE
nibble2base_resolve,htslib/simd.c,220,,,TRUE
print_usage,htslib/samples/read_aux.c,37,,,TRUE
printauxdata,htslib/samples/dump_aux.c,51,22,mutual,TRUE
printauxdata,htslib/samples/read_aux.c,51,22,mutual,TRUE
print_usage,htslib/samples/index_multireg_read.c,37,,,TRUE
print_usage,htslib/samples/flags_htsopt_field.c,37,,,TRUE
print_usage,htslib/samples/index_write.c,38,,,TRUE
print_usage,htslib/samples/qtask_unordered.c,62,,,TRUE
print_usage,htslib/samples/flags_demo.c,37,,,TRUE
print_usage,htslib/samples/read_header.c,37,,,TRUE
print_usage,htslib/samples/index_fasta.c,39,,,TRUE
print_usage,htslib/samples/read_bam.c,37,,,TRUE
print_usage,htslib/samples/mod_aux.c,38,,,TRUE
print_usage,htslib/samples/read_refname.c,37,,,TRUE
print_usage,htslib/samples/index_reg_read.c,37,,,TRUE
print_usage,htslib/samples/split.c,37,,,TRUE
print_usage,htslib/samples/add_header.c,37,,,TRUE
print_usage,htslib/samples/read_fast_index.c,38,,,TRUE
print_usage,htslib/samples/read_fast.c,37,,,TRUE
print_usage,htslib/samples/mpileup.c,38,,,TRUE
print_usage,htslib/samples/mod_aux_ba.c,37,,,TRUE
print_usage,htslib/samples/modstate.c,37,,,TRUE
print_usage,htslib/samples/write_fast.c,39,,,TRUE
print_usage,htslib/samples/split_thread2.c,38,,,TRUE
print_usage,htslib/samples/qtask_ordered.c,61,,,TRUE
print_usage,htslib/samples/split2.c,37,,,TRUE
print_usage,htslib/samples/mod_bam.c,38,,,TRUE
print_usage,htslib/samples/split_thread1.c,37,,,TRUE
print_usage,htslib/samples/update_header.c,37,,,TRUE
print_usage,htslib/samples/dump_aux.c,37,,,TRUE
print_usage,htslib/samples/rem_header.c,37,,,TRUE
print_usage,htslib/samples/pileup_mod.c,38,,,TRUE
print_usage,htslib/samples/cram.c,37,,,TRUE
print_usage,htslib/samples/pileup.c,38,,,TRUE
bam_aux_get_str,htslib/htslib/sam.h,1694,,,TRUE
main,htslib/samples/read_aux.c,114,,,TRUE
main,htslib/samples/index_multireg_read.c,50,,,FALSE
main,htslib/samples/flags_htsopt_field.c,50,,,FALSE
sam_open_mode,htslib/sam.c,5181,23,self,TRUE
main,htslib/samples/index_write.c,50,,,FALSE
getbamstorage,htslib/samples/qtask_unordered.c,76,,,TRUE
cleanup_bamstorage,htslib/samples/qtask_unordered.c,128,,,TRUE
thread_unordered_proc,htslib/samples/qtask_unordered.c,148,,,TRUE
getbamstorage,htslib/samples/qtask_ordered.c,75,,,TRUE
cleanup_bamstorage,htslib/samples/qtask_ordered.c,121,,,TRUE
main,htslib/samples/qtask_unordered.c,181,,,FALSE
main,htslib/samples/flags_demo.c,50,,,TRUE
main,htslib/samples/read_header.c,49,,,TRUE
main,htslib/samples/index_fasta.c,51,,,TRUE
bam_flag2str,htslib/sam.c,5317,,,TRUE
main,htslib/samples/read_bam.c,48,,,TRUE
main,htslib/samples/mod_aux.c,50,,,TRUE
main,htslib/samples/read_refname.c,49,,,TRUE
sam_index_load2,htslib/sam.c,1677,,,TRUE
main,htslib/samples/index_reg_read.c,55,,,FALSE
main,htslib/samples/split.c,50,,,FALSE
main,htslib/samples/add_header.c,49,,,FALSE
main,htslib/samples/read_fast_index.c,53,,,TRUE
main,htslib/samples/read_fast.c,49,,,TRUE
plpconstructor,htslib/samples/mpileup.c,56,,,TRUE
plpdestructor,htslib/samples/mpileup.c,60,,,TRUE
readdata,htslib/samples/mpileup.c,68,,,TRUE
bam_mplp_constructor,htslib/sam.c,6327,,,TRUE
bam_mplp_destructor,htslib/sam.c,6334,,,TRUE
main,htslib/samples/mpileup.c,84,,,TRUE
main,htslib/samples/mod_aux_ba.c,49,,,TRUE
main,htslib/samples/modstate.c,49,,,TRUE
main,htslib/samples/write_fast.c,51,,,TRUE
main,htslib/samples/split_thread2.c,51,,,FALSE
thread_ordered_proc,htslib/samples/qtask_ordered.c,143,,,TRUE
threadfn_orderedwrite,htslib/samples/qtask_ordered.c,176,,,FALSE
main,htslib/samples/qtask_ordered.c,223,,,FALSE
main,htslib/samples/split2.c,50,,,FALSE
main,htslib/samples/mod_bam.c,50,,,FALSE
main,htslib/samples/split_thread1.c,50,,,FALSE
main,htslib/samples/update_header.c,49,,,FALSE
main,htslib/samples/dump_aux.c,114,,,TRUE
main,htslib/samples/rem_header.c,49,,,TRUE
plpconstructor,htslib/samples/pileup_mod.c,56,,,TRUE
plpdestructor,htslib/samples/pileup_mod.c,70,,,TRUE
readdata,htslib/samples/pileup_mod.c,82,,,TRUE
main,htslib/samples/pileup_mod.c,98,,,TRUE
main,htslib/samples/cram.c,53,,,FALSE
plpconstructor,htslib/samples/pileup.c,56,,,TRUE
plpdestructor,htslib/samples/pileup.c,65,,,TRUE
readdata,htslib/samples/pileup.c,76,,,TRUE
main,htslib/samples/pileup.c,92,,,TRUE
tbx_readrec,htslib/tbx.c,353,,,TRUE
tbx_index_build2,htslib/tbx.c,542,,,TRUE
tbx_index_build,htslib/tbx.c,547,,,TRUE
tbx_index_load,htslib/tbx.c,609,,,TRUE
tbx_name2id_wrapper,htslib/tbx.c,644,,,TRUE
tbx_itr_querys1,htslib/tbx.c,649,,,TRUE
bam_name2id_wrapper,htslib/sam.c,418,,,TRUE
sam_index_build2,htslib/sam.c,1076,,,TRUE
bam_index_build,htslib/sam.c,1088,,,TRUE
sam_readrec,htslib/sam.c,1147,,,TRUE
sam_readrec_rest,htslib/sam.c,1162,,,TRUE
bam_get_library,htslib/sam.c,1173,,,TRUE
bam_sym_lookup,htslib/sam.c,1210,,,TRUE
cram_readrec,htslib/sam.c,1551,,,FALSE
cram_pseek,htslib/sam.c,1581,,,FALSE
cram_ptell,htslib/sam.c,1611,,,FALSE
bam_pseek,htslib/sam.c,1631,,,TRUE
bam_ptell,htslib/sam.c,1638,,,TRUE
sam_index_load3,htslib/sam.c,1672,,,TRUE
cram_name2id,htslib/sam.c,1754,,,TRUE
sam_itr_regions,htslib/sam.c,1798,,,TRUE
old_sam_hdr_change_HD,htslib/sam.c,2080,,,TRUE
sam_hdr_change_HD,htslib/sam.c,2156,,,TRUE
sam_hdr_set,htslib/sam.c,2176,,,TRUE
sam_hdr_get,htslib/sam.c,2199,,,TRUE
sam_state_err,htslib/sam.c,3069,,,TRUE
cleanup_sp_lines,htslib/sam.c,3200,,,TRUE
sam_parse_worker,htslib/sam.c,3215,,,TRUE
sam_parse_eof,htslib/sam.c,3313,,,TRUE
cleanup_sp_bams,htslib/sam.c,3318,,,TRUE
sam_dispatcher_read,htslib/sam.c,3325,,,FALSE
sam_dispatcher_write,htslib/sam.c,3497,,,FALSE
sam_format_worker,htslib/sam.c,3652,,,TRUE
sam_open_mode_opts,htslib/sam.c,5210,,,TRUE
bam_str2flag,htslib/sam.c,5288,,,TRUE
bam_plp_next,htslib/sam.c,6065,,,TRUE
bam_plp_reset,htslib/sam.c,6180,,,TRUE
bam_plp_set_maxcnt,htslib/sam.c,6193,,,TRUE
bam_mplp_set_maxcnt,htslib/sam.c,6240,,,TRUE
bam_mplp_reset,htslib/sam.c,6313,,,TRUE
khash_str2int_size,htslib/htslib/khash_str2int.h,129,,,TRUE
ks_str,htslib/htslib/kstring.h,188,,,TRUE
kbs_insert_all,htslib/htslib/kbitset.h,143,,,TRUE
kbs_delete,htslib/htslib/kbitset.h,156,,,TRUE
kbs_start,htslib/htslib/kbitset.h,174,,,TRUE
kbs_next,htslib/htslib/kbitset.h,182,,,TRUE
sam_hdr_parse_,htslib/htslib/cram.h,720,,,TRUE
sam_hdr_free,htslib/htslib/cram.h,728,,,TRUE
bcf_acgt2int,htslib/htslib/vcfutils.h,119,,,TRUE
bam_hdr_dup,htslib/htslib/sam.h,402,,,TRUE
ed_swap_2,htslib/htslib/hts.h,1572,,,TRUE
ed_swap_2p,htslib/htslib/hts.h,1576,,,TRUE
le_to_u8,htslib/htslib/hts_endian.h,120,,,TRUE
__ac_FNV1a_hash_string,htslib/htslib/khash.h,466,,,TRUE
__ac_X31_hash_kstring,htslib/htslib/khash.h,492,,,TRUE
__ac_FNV1a_hash_kstring,htslib/htslib/khash.h,506,,,TRUE
bcf_update_info_int64,htslib/htslib/vcf.h,994,,,FALSE
bcf_gt2alleles,htslib/htslib/vcf.h,1042,,,TRUE
bcf_get_info_int64,htslib/htslib/vcf.h,1127,,,FALSE
bcf_format_gt,htslib/htslib/vcf.h,1535,,,FALSE
make_scm_rights_cmsg,htslib/ref_cache/cmsg_wrap.c,46,,,TRUE
get_scm_rights_fd,htslib/ref_cache/cmsg_wrap.c,67,,,TRUE
setnonblock,htslib/ref_cache/misc.h,40,,,TRUE
do_write_all,htslib/ref_cache/misc.h,55,,,TRUE
do_read_all,htslib/ref_cache/misc.h,72,,,TRUE
lim_strdup,htslib/ref_cache/misc.h,91,,,TRUE
init_clients,htslib/ref_cache/server.c,107,,,TRUE
read_stack_push,htslib/ref_cache/server.c,115,,,TRUE
read_stack_pop,htslib/ref_cache/server.c,125,,,TRUE
read_stack_remove,htslib/ref_cache/server.c,137,,,TRUE
write_stack_push,htslib/ref_cache/server.c,151,,,TRUE
write_stack_pop,htslib/ref_cache/server.c,161,,,TRUE
write_stack_remove,htslib/ref_cache/server.c,173,,,TRUE
get_free_client,htslib/ref_cache/server.c,187,,,TRUE
pw_remove,htslib/ref_cache/poll_wrap_epoll.c,126,,,TRUE
pw_remove,htslib/ref_cache/poll_wrap_poll.c,220,,,TRUE
get_ref_id,htslib/ref_cache/ref_files.c,153,,,TRUE
release_ref_file,htslib/ref_cache/ref_files.c,193,,,TRUE
transaction_clear_ref,htslib/ref_cache/transaction.c,166,,,TRUE
free_transaction,htslib/ref_cache/transaction.c,181,,,TRUE
free_transaction_list,htslib/ref_cache/transaction.c,196,,,TRUE
cleanup_http_parser,htslib/ref_cache/http_parser.c,131,,,TRUE
close_client,htslib/ref_cache/server.c,194,,,TRUE
check_addr_allowed,htslib/ref_cache/server.c,222,,,TRUE
pw_register,htslib/ref_cache/poll_wrap_epoll.c,78,,,TRUE
pw_register,htslib/ref_cache/poll_wrap_poll.c,95,,,TRUE
init_http_parser,htslib/ref_cache/http_parser.c,111,,,TRUE
handle_incoming,htslib/ref_cache/server.c,268,,,FALSE
transaction_set_next,htslib/ref_cache/transaction.c,623,,,TRUE
client_add_transaction,htslib/ref_cache/server.c,352,,,TRUE
upstream_recv_msg,htslib/ref_cache/upstream.c,215,,,TRUE
update_ref_download_started,htslib/ref_cache/ref_files.c,165,,,TRUE
transaction_by_id,htslib/ref_cache/transaction.c,270,,,TRUE
transaction_get_client,htslib/ref_cache/transaction.c,210,,,TRUE
get_ref_size,htslib/ref_cache/ref_files.c,145,,,TRUE
get_ref_available,htslib/ref_cache/ref_files.c,149,,,TRUE
transaction_has_data_to_send,htslib/ref_cache/transaction.c,628,,,TRUE
queue_transaction_write,htslib/ref_cache/server.c,395,,,TRUE
calculate_range_available,htslib/ref_cache/transaction.c,225,,,TRUE
set_error_response,htslib/ref_cache/transaction.c,277,,,TRUE
http_vers_string,htslib/ref_cache/transaction.c,313,,,TRUE
set_ref_file_response,htslib/ref_cache/transaction.c,322,,,TRUE
set_transaction_file_range,htslib/ref_cache/transaction.c,654,,,TRUE
update_with_initial_size,htslib/ref_cache/transaction.c,671,,,TRUE
got_download_started,htslib/ref_cache/transaction.c,680,,,TRUE
update_ref_available,htslib/ref_cache/ref_files.c,174,,,TRUE
got_download_part,htslib/ref_cache/transaction.c,698,,,TRUE
update_ref_with_content_len,htslib/ref_cache/ref_files.c,179,,,TRUE
got_download_clen,htslib/ref_cache/transaction.c,715,,,TRUE
set_ref_complete,htslib/ref_cache/ref_files.c,185,,,TRUE
got_download_result,htslib/ref_cache/transaction.c,730,,,TRUE
handle_upstream,htslib/ref_cache/server.c,362,,,FALSE
eat_input,htslib/ref_cache/server.c,422,,,TRUE
client_host,htslib/ref_cache/server.c,840,,,TRUE
make_log_message,htslib/ref_cache/transaction.c,769,,,TRUE
queue_log_msg,htslib/ref_cache/server.c,436,,,TRUE
send_to_log,htslib/ref_cache/server.c,470,,,TRUE
pw_mod,htslib/ref_cache/poll_wrap_epoll.c,106,,,TRUE
pw_mod,htslib/ref_cache/poll_wrap_poll.c,157,,,TRUE
transaction_have_content,htslib/ref_cache/transaction.c,619,,,TRUE
handle_client_events,htslib/ref_cache/server.c,509,,,FALSE
is_hexmd5,htslib/ref_cache/request_handler.c,49,,,TRUE
decode_uri,htslib/ref_cache/request_handler.c,56,,,TRUE
set_message_response,htslib/ref_cache/transaction.c,408,,,TRUE
handle_hello,htslib/ref_cache/request_handler.c,94,,,TRUE
upstream_send_cmd,htslib/ref_cache/upstream.c,122,,,TRUE
get_ref_placeholder,htslib/ref_cache/ref_files.c,62,,,TRUE
get_ref_file,htslib/ref_cache/ref_files.c,94,,,TRUE
get_ref_status,htslib/ref_cache/ref_files.c,141,,,TRUE
transaction_set_ref,htslib/ref_cache/transaction.c,218,,,TRUE
handle_md5,htslib/ref_cache/request_handler.c,99,,,TRUE
transaction_set_req_str,htslib/ref_cache/transaction.c,264,,,TRUE
handle_get,htslib/ref_cache/request_handler.c,126,,,TRUE
steal_user_agent_from_parser,htslib/ref_cache/http_parser.c,637,,,TRUE
steal_referrer_from_parser,htslib/ref_cache/http_parser.c,643,,,TRUE
new_transaction,htslib/ref_cache/transaction.c,136,,,TRUE
handle_request,htslib/ref_cache/request_handler.c,148,,,TRUE
handle_error,htslib/ref_cache/request_handler.c,167,,,TRUE
parser_read_input,htslib/ref_cache/http_parser.c,201,,,TRUE
lws_spn,htslib/ref_cache/http_parser.c,93,,,TRUE
lws_cspn,htslib/ref_cache/http_parser.c,99,,,TRUE
parser_get_line,htslib/ref_cache/http_parser.c,158,,,TRUE
read_request_line,htslib/ref_cache/http_parser.c,246,,,TRUE
tok_spn,htslib/ref_cache/http_parser.c,105,,,TRUE
parse_range,htslib/ref_cache/http_parser.c,333,,,TRUE
parser_parse_header,htslib/ref_cache/http_parser.c,394,,,TRUE
read_headers,htslib/ref_cache/http_parser.c,452,,,TRUE
read_chunk_header,htslib/ref_cache/http_parser.c,529,,,TRUE
eat_data,htslib/ref_cache/http_parser.c,546,,,TRUE
read_chunk,htslib/ref_cache/http_parser.c,578,,,TRUE
read_body,htslib/ref_cache/http_parser.c,584,,,TRUE
read_chunk_trailer,htslib/ref_cache/http_parser.c,590,,,TRUE
parser_read_data,htslib/ref_cache/http_parser.c,601,,,TRUE
do_reads,htslib/ref_cache/server.c,565,,,FALSE
switch_to_next_transaction,htslib/ref_cache/transaction.c,204,,,TRUE
transaction_get_keep_alive,htslib/ref_cache/transaction.c,214,,,TRUE
get_ref_complete,htslib/ref_cache/ref_files.c,157,,,TRUE
get_ref_fd,htslib/ref_cache/ref_files.c,161,,,TRUE
sendfile_wrap,htslib/ref_cache/sendfile_wrap.c,55,,,TRUE
sendfile_wrap,htslib/ref_cache/sendfile_wrap.c,61,,,TRUE
sendfile_wrap,htslib/ref_cache/sendfile_wrap.c,73,,,TRUE
sendfile_wrap,htslib/ref_cache/sendfile_wrap.c,87,,,TRUE
send_file,htslib/ref_cache/transaction.c,460,,,TRUE
transaction_send_data,htslib/ref_cache/transaction.c,556,,,FALSE
do_writes,htslib/ref_cache/server.c,642,,,FALSE
pw_init,htslib/ref_cache/poll_wrap_epoll.c,49,,,TRUE
pw_wait,htslib/ref_cache/poll_wrap_epoll.c,120,,,TRUE
pw_close,htslib/ref_cache/poll_wrap_epoll.c,72,,,TRUE
pw_close,htslib/ref_cache/poll_wrap_poll.c,60,,,TRUE
pw_init,htslib/ref_cache/poll_wrap_poll.c,69,,,TRUE
pw_wait,htslib/ref_cache/poll_wrap_poll.c,173,,,TRUE
register_listener_pollers,htslib/ref_cache/listener.c,242,,,FALSE
run_poll_loop,htslib/ref_cache/server.c,721,,,FALSE
change_name,htslib/ref_cache/main.c,99,,,FALSE
init_children,htslib/ref_cache/main.c,107,,,FALSE
set_up_child,htslib/ref_cache/main.c,168,,,FALSE
make_new_child,htslib/ref_cache/main.c,211,,,FALSE
get_multi,htslib/ref_cache/upstream.c,808,,,FALSE
init_multi_data,htslib/ref_cache/upstream.c,838,,,FALSE
recv_cmd_data,htslib/ref_cache/upstream.c,146,,,TRUE
upstream_send_msg,htslib/ref_cache/upstream.c,172,,,TRUE
new_downstream,htslib/ref_cache/upstream.c,296,,,TRUE
make_subdir,htslib/ref_cache/upstream.c,252,,,TRUE
new_download,htslib/ref_cache/upstream.c,306,,,TRUE
release_curl,htslib/ref_cache/upstream.c,290,,,TRUE
remove_downstream,htslib/ref_cache/upstream.c,319,,,TRUE
free_download,htslib/ref_cache/upstream.c,331,,,TRUE
get_free_curl,htslib/ref_cache/upstream.c,277,,,TRUE
start_new_download,htslib/ref_cache/upstream.c,385,,,FALSE
get_download,htslib/ref_cache/upstream.c,445,,,FALSE
get_cmd_multi,htslib/ref_cache/upstream.c,563,,,FALSE
send_result_code,htslib/ref_cache/upstream.c,635,,,TRUE
send_result_code_all,htslib/ref_cache/upstream.c,646,,,TRUE
rename_download_file,htslib/ref_cache/upstream.c,897,,,TRUE
finish_download,htslib/ref_cache/upstream.c,916,,,FALSE
handle_curl_socket,htslib/ref_cache/upstream.c,996,,,FALSE
run_epoll_loop,htslib/ref_cache/upstream.c,1047,,,FALSE
run_multi_upstream_handler,htslib/ref_cache/upstream.c,1131,,,FALSE
run_upstream_handler,htslib/ref_cache/upstream.c,1157,,,FALSE
start_upstream,htslib/ref_cache/main.c,245,,,FALSE
sig_handler,htslib/ref_cache/main.c,283,,,FALSE
handle_sigchld,htslib/ref_cache/main.c,306,,,FALSE
init_poller,htslib/ref_cache/main.c,362,,,FALSE
rotate_logs,htslib/ref_cache/log_files.c,69,,,FALSE
write_to_log,htslib/ref_cache/log_files.c,266,,,FALSE
run_server_population,htslib/ref_cache/main.c,393,,,FALSE
daemonise,htslib/ref_cache/main.c,493,,,FALSE
get_systemd_listen_fds,htslib/ref_cache/main.c,633,,,FALSE
add_match_addr,htslib/ref_cache/main.c,677,,,FALSE
cmp_match_addrs,htslib/ref_cache/main.c,816,,,TRUE
sort_match_addrs,htslib/ref_cache/main.c,826,,,TRUE
get_opt_val,htslib/ref_cache/main.c,889,,,FALSE
close_logs,htslib/ref_cache/log_files.c,134,,,FALSE
open_logs,htslib/ref_cache/log_files.c,148,,,FALSE
open_socket,htslib/ref_cache/listener.c,51,,,FALSE
get_listen_sockets,htslib/ref_cache/listener.c,95,,,FALSE
should_adopt_socket,htslib/ref_cache/listener.c,160,,,FALSE
adopt_listen_sockets,htslib/ref_cache/listener.c,203,,,FALSE
close_listen_sockets,htslib/ref_cache/listener.c,235,,,TRUE
check_running,htslib/ref_cache/ping.c,39,,,FALSE
main,htslib/ref_cache/main.c,913,,,FALSE
send_msg_all,htslib/ref_cache/upstream.c,204,,,TRUE
progress_callback,htslib/ref_cache/upstream.c,656,,,TRUE
progress_callback,htslib/ref_cache/upstream.c,666,,,TRUE
multi_receive_data,htslib/ref_cache/upstream.c,675,,,FALSE
sock_func,htslib/ref_cache/upstream.c,753,,,FALSE
timer_func,htslib/ref_cache/upstream.c,801,,,FALSE
log_compare,htslib/ref_cache/log_files.c,62,,,TRUE
fgets_wrapper,htslib/kstring.c,294,,,TRUE
main,htslib/kstring.c,531,,,FALSE
hfile_init_fixed,htslib/hfile.c,141,,,TRUE
hgets_wrapper,htslib/hfile.c,301,,,TRUE
fd_read,htslib/hfile.c,557,,,TRUE
fd_write,htslib/hfile.c,568,,,TRUE
fd_seek,htslib/hfile.c,591,,,TRUE
fd_flush,htslib/hfile.c,607,,,TRUE
fd_close,htslib/hfile.c,625,,,TRUE
hpreload,htslib/hfile.c,689,,,TRUE
is_preload_url_remote,htslib/hfile.c,726,,,TRUE
hopen_preload,htslib/hfile.c,730,,,TRUE
hopen_fd_fileuri,htslib/hfile.c,747,,,TRUE
mem_seek,htslib/hfile.c,810,,,TRUE
mem_close,htslib/hfile.c,816,,,TRUE
cmp_prefix,htslib/hfile.c,826,,,TRUE
create_hfile_mem,htslib/hfile.c,835,,,TRUE
hopen_mem,htslib/hfile.c,845,,,TRUE
hopenv_mem,htslib/hfile.c,878,,,TRUE
hopen_not_supported,htslib/hfile.c,915,,,TRUE
hfile_plugin_init_mem,htslib/hfile.c,920,,,TRUE
crypt4gh_needed,htslib/hfile.c,935,,,TRUE
hfile_plugin_init_crypt4gh_needed,htslib/hfile.c,956,,,TRUE
hfile_exit,htslib/hfile.c,1005,,,TRUE
hopen_unknown_scheme,htslib/hfile.c,1168,,,TRUE
hfile_has_plugin,htslib/hfile.c,1293,,,TRUE
hfile_always_local,htslib/hfile.c,1339,,,TRUE
hfile_always_remote,htslib/hfile.c,1342,,,TRUE
knet_open,htslib/hfile.c,1416,,,TRUE
knet_dopen,htslib/hfile.c,1433,,,TRUE
knet_read,htslib/hfile.c,1445,,,TRUE
knet_seek,htslib/hfile.c,1452,,,TRUE
knet_close,htslib/hfile.c,1460,,,TRUE
hts_tpool_worker_id,htslib/thread_pool.c,56,,,FALSE
hts_tpool_add_result,htslib/thread_pool.c,95,,,FALSE
hts_tpool_process_detach,htslib/thread_pool.c,495,,,TRUE
tpool_worker,htslib/thread_pool.c,518,,,FALSE
hts_tpool_kill,htslib/thread_pool.c,1128,,,FALSE
doit_square_u,htslib/thread_pool.c,1171,,,TRUE
test_square_u,htslib/thread_pool.c,1182,,,FALSE
doit_square,htslib/thread_pool.c,1209,,,TRUE
test_square,htslib/thread_pool.c,1224,,,FALSE
test_squareB_dispatcher,htslib/thread_pool.c,1293,,,FALSE
test_squareB,htslib/thread_pool.c,1310,,,FALSE
pipe_input_thread,htslib/thread_pool.c,1387,,,FALSE
pipe_stage1,htslib/thread_pool.c,1408,,,TRUE
pipe_stage1to2,htslib/thread_pool.c,1418,,,FALSE
pipe_stage2,htslib/thread_pool.c,1434,,,TRUE
pipe_stage2to3,htslib/thread_pool.c,1444,,,FALSE
pipe_stage3,htslib/thread_pool.c,1460,,,TRUE
pipe_output_thread,htslib/thread_pool.c,1468,,,FALSE
test_pipe,htslib/thread_pool.c,1484,,,FALSE
main,htslib/thread_pool.c,1517,,,FALSE
gcs_rewrite,htslib/hfile_gcs.c,41,,,FALSE
gcs_open,htslib/hfile_gcs.c,125,,,FALSE
gcs_vopen,htslib/hfile_gcs.c,130,,,FALSE
PLUGIN_GLOBAL,htslib/hfile_gcs.c,141,,,FALSE
